"But even though Tokyo appears unharmed by recent market volatility, analysts and traders say there are still a few concerns on the horizon.","O-But O-even O-though O-Tokyo O-appears O-un X-##har X-##med O-by O-recent O-market O-vol X-##ati X-##lity O-, O-analysts O-and O-traders O-say B-dependent-there B-head-are O-still O-a O-few O-concerns O-on O-the O-horizon O-."
"There's no huge buying,"" said Stephen Hill, head of equity sales at Jardine Fleming Securities Ltd. in Tokyo.","B-dependent-There B-head-' X-s O-no O-huge O-buying O-, O-"" O-said O-Stephen O-Hill O-, O-head O-of O-equity O-sales O-at O-J X-##ard X-##ine O-Fleming O-Securities O-Ltd X-. O-in O-Tokyo O-."
Dealers said there was late talk of a Whitbread sale of brewing operations to Scottish & Newcastle.,O-Deal X-##ers O-said B-dependent-there B-head-was O-late O-talk O-of O-a O-W X-##hit X-##bre X-##ad O-sale O-of O-brewing O-operations O-to O-Scottish O-& O-Newcastle O-.
"""It's a good indication that level of profitability has peaked for the industry,"" says Vahid Fathi, metals analyst with Prescott, Ball & Turben Inc., who had estimated Reynolds would earn about $2.35 a share.","O-"" B-dependent-It O-' X-s O-a O-good B-head-indication O-that O-level O-of O-profit X-##ability O-has O-peaked O-for O-the O-industry O-, O-"" O-says O-V X-##ahi X-##d O-Fat X-##hi O-, O-metals O-analyst O-with O-Prescott O-, O-Ball O-& O-Tu X-##rb X-##en O-Inc X-. O-, O-who O-had O-estimated O-Reynolds O-would O-earn O-about O-$ O-2 X-. X-35 O-a O-share O-."
"Nevertheless, the company said that in the latest quarter there were increased material and labor costs, including a new employee profit-sharing plan.","O-Nevertheless O-, O-the O-company O-said O-that O-in O-the O-latest O-quarter B-dependent-there B-head-were O-increased O-material O-and O-labor O-costs O-, O-including O-a O-new O-employee O-profit O-- O-sharing O-plan O-."
There are about $10 million of 7% bonds priced at 99 1/4 to yield 7.081% in 2004; about $15 million of 7% bonds priced at 98 1/2 to yield 7.145% in 2008; about $88.35 million of 7% bonds priced at 97 1/4 to yield 7.227% in 2018; and about $15 million of 6 3/4% bonds priced to yield 7.15% in 2019.,B-dependent-There B-head-are O-about O-$ O-10 O-million O-of O-7 O-% O-bonds O-priced O-at O-99 O-1 O-/ O-4 O-to O-yield O-7 X-. X-08 X-##1 O-% O-in O-2004 O-; O-about O-$ O-15 O-million O-of O-7 O-% O-bonds O-priced O-at O-98 O-1 X-/ X-2 O-to O-yield O-7 X-. X-145 O-% O-in O-2008 O-; O-about O-$ O-88 X-. X-35 O-million O-of O-7 O-% O-bonds O-priced O-at O-97 O-1 X-/ O-4 O-to O-yield O-7 X-. X-227 O-% O-in O-2018 O-; O-and O-about O-$ O-15 O-million O-of O-6 O-3 X-/ X-4 O-% O-bonds O-priced O-to O-yield O-7 X-. X-15 O-% O-in O-2019 O-.
"There are about $25.6 million of 7.2% term bonds due 2009, priced to yield 7.25%, and about $66.8 million of 7.2% term bonds due 2019, priced at 99 to yield 7.282%.","B-dependent-There B-head-are O-about O-$ O-25 X-. X-6 O-million O-of O-7 X-. X-2 O-% O-term O-bonds O-due O-2009 O-, O-priced O-to O-yield O-7 X-. X-25 O-% O-, O-and O-about O-$ O-66 X-. X-8 O-million O-of O-7 X-. X-2 O-% O-term O-bonds O-due O-2019 O-, O-priced O-at O-99 O-to O-yield O-7 X-. X-28 X-##2 O-% O-."
"""On days that I'm really busy,"" says Ms. Foster, who works in public relations for the company, ""it seems decadent to take time off for a massage.""","O-"" O-On O-days O-that O-I O-' X-m O-really O-busy O-, O-"" O-says O-Ms X-. O-Foster O-, O-who O-works O-in O-public O-relations O-for O-the O-company O-, O-"" B-dependent-it B-head-seems O-decade X-##nt O-to O-take O-time O-off O-for O-a O-massage O-. O-"""
"""But he pulled through, and after the ambulance left, there were still six people in line waiting for a massage.","O-"" O-But O-he O-pulled O-through O-, O-and O-after O-the O-ambulance O-left O-, B-dependent-there B-head-were O-still O-six O-people O-in O-line O-waiting O-for O-a O-massage O-."
"""There's nothing like skin to skin.""","O-"" B-dependent-There B-head-' X-s O-nothing O-like O-skin O-to O-skin O-. O-"""
"""If there's any coincidence about the departures it's that they are leaving at a time when the business is in reasonably good shape and going forward very well.""","O-"" O-If B-dependent-there B-head-' X-s O-any O-coincidence O-about O-the O-departure X-##s O-it X-' X-s O-that O-they O-are O-leaving O-at O-a O-time O-when O-the O-business O-is O-in O-reasonably O-good O-shape O-and O-going O-forward O-very O-well O-. O-"""
Integrated also said it expects to report a second-quarter loss wider than the earlier estimate of about $600 million.,O-Integrated O-also O-said B-dependent-it B-head-expects O-to O-report O-a O-second O-- O-quarter O-loss O-wider O-than O-the O-earlier O-estimate O-of O-about O-$ O-600 O-million O-.
"""Once you get into November there's not a whole lot of flexibility.""","O-"" O-Once O-you O-get O-into O-November B-dependent-there B-head-' X-s O-not O-a O-whole O-lot O-of O-flexibility O-. O-"""
"But that gets too philosophical, and since there are no libraries in New York City either, who can solve the riddle of the two Sterbas?","O-But O-that O-gets O-too O-philosophical O-, O-and O-since B-dependent-there B-head-are O-no O-libraries O-in O-New O-York O-City O-either O-, O-who O-can O-solve O-the O-rid X-##dle O-of O-the O-two O-St X-##er X-##bas O-?"
"In 1977, Universal pulled its features from the now-defunct Philadelphia Bulletin because of a contract dispute and because ""there was no growth {there} for Universal,"" says John McMeel, president and co-owner of Universal.","O-In O-1977 O-, O-Universal O-pulled O-its O-features O-from O-the O-now O-- O-defunct O-Philadelphia O-Bulletin O-because O-of O-a O-contract O-dispute O-and O-because O-"" B-dependent-there B-head-was O-no O-growth O-{ O-there X-} O-for O-Universal O-, O-"" O-says O-John O-M X-##c X-##M X-##eel O-, O-president O-and O-co X-- X-owner O-of O-Universal O-."
"""We're very skeptical of a venture in which no one has invested a dollar, in which no one has any experience in syndicating animated features and game shows and for which there was not prior {market} research,"" says Roy E. Bode, the Times Herald's editor.","O-"" O-We O-' X-re O-very O-skeptical O-of O-a O-venture O-in O-which O-no O-one O-has O-invested O-a O-dollar O-, O-in O-which O-no O-one O-has O-any O-experience O-in O-s X-##yn X-##dic X-##ating O-animated O-features O-and O-game O-shows O-and O-for O-which B-dependent-there B-head-was O-not O-prior O-{ O-market X-} O-research O-, O-"" O-says O-Roy O-E X-. O-Bo X-##de O-, O-the O-Times O-Herald O-' X-s O-editor O-."
"Bush assured Roh that the U.S. would stand by its security commitments ""as long as there is a threat"" from Communist North Korea.","O-Bush O-assured O-R X-##oh O-that O-the O-U X-. X-S X-. O-would O-stand O-by O-its O-security O-commitments O-"" O-as O-long O-as B-dependent-there B-head-is O-a O-threat O-"" O-from O-Communist O-North O-Korea O-."
"A White House spokesman said that while Bush wouldn't alter a longstanding ban on such involvement, ""there's a clarification needed"" on its interpretation.","O-A O-White O-House O-spokesman O-said O-that O-while O-Bush O-would O-n X-' X-t O-alter O-a O-long X-##standing O-ban O-on O-such O-involvement O-, O-"" B-dependent-there B-head-' X-s O-a O-c X-##lar X-##ification O-needed O-"" O-on O-its O-interpretation O-."
"Unlike most loans to China, there was no Chinese guarantor.","O-Unlike O-most O-loans O-to O-China O-, B-dependent-there B-head-was O-no O-Chinese O-g X-##ua X-##rant X-##or O-."
"""There's a wide feeling of indignation across the country,"" says Bhabani Sen Gupta of the Center for Policy Research, in New Delhi.","O-"" B-dependent-There B-head-' X-s O-a O-wide O-feeling O-of O-in X-##di X-##gna X-##tion O-across O-the O-country O-, O-"" O-says O-B X-##hab X-##ani O-Sen O-Gupta O-of O-the O-Center O-for O-Policy O-Research O-, O-in O-New O-Delhi O-."
"The arms-kickback scandal is likely to be one of the big talking points in the campaign, but it's unclear how it is viewed by average Indian voters.","O-The O-arms O-- O-kick X-##back O-scandal O-is O-likely O-to O-be O-one O-of O-the O-big O-talking O-points O-in O-the O-campaign O-, O-but B-dependent-it O-' X-s B-head-unclear O-how O-it O-is O-viewed O-by O-average O-Indian O-voters O-."
"When there are well problems, light problems, road problems, the government tells us to forget it.""","O-When B-dependent-there B-head-are O-well O-problems O-, O-light O-problems O-, O-road O-problems O-, O-the O-government O-tells O-us O-to O-forget O-it O-. O-"""
"April 26, 1988: A parliamentary investigative committee dominated by the Congress (I) Party concludes that there were no middlemen in the deal and no payment to any Indian individual or company.","O-April O-26 O-, O-1988 O-: O-A O-parliamentary O-investigative O-committee O-dominated O-by O-the O-Congress O-( O-I O-) O-Party O-concludes O-that B-dependent-there B-head-were O-no O-middle X-##men O-in O-the O-deal O-and O-no O-payment O-to O-any O-Indian O-individual O-or O-company O-."
"It is easy to fight when you don't have any other option.""","B-dependent-It O-is B-head-easy O-to O-fight O-when O-you O-do O-n X-' X-t O-have O-any O-other O-option O-. O-"""
"""He had an elegant uniform with gold buttons in a country where there was a cult of militarism, where officers were the elite with special privileges,"" recalls Darien Ayala, a fellow student in Peru and a lifelong friend.","O-"" O-He O-had O-an O-elegant O-uniform O-with O-gold O-buttons O-in O-a O-country O-where B-dependent-there B-head-was O-a O-cult O-of O-mi X-##lit X-##aris X-##m O-, O-where O-officers O-were O-the O-elite O-with O-special O-privileges O-, O-"" O-recalls O-Dar X-##ien O-A X-##yal X-##a O-, O-a O-fellow O-student O-in O-Peru O-and O-a O-lifelong O-friend O-."
"It wouldn't be a good idea to indict him -- much less Mr. Noriega, the prosecutor was told.","B-dependent-It O-would O-n X-' X-t O-be O-a O-good B-head-idea O-to O-in X-##dict O-him O-- X-- O-much O-less O-Mr X-. O-Nor X-##ie X-##ga O-, O-the O-prosecutor O-was O-told O-."
"Although, his help for the Contra cause was limited, it was enough to win him important protectors in the Reagan administration, says Sen.","O-Although O-, O-his O-help O-for O-the O-Con X-##tra O-cause O-was O-limited O-, B-dependent-it O-was B-head-enough O-to O-win O-him O-important O-protector X-##s O-in O-the O-Reagan O-administration O-, O-says O-Sen X-."
"By yesterday's close of trading, it was good for a paltry $43.5 million.","O-By O-yesterday O-' X-s O-close O-of O-trading O-, B-dependent-it O-was B-head-good O-for O-a O-p X-##al X-##try O-$ O-43 X-. X-5 O-million O-."
There was also a decline in the group's net financial costs to 25 million francs from 50 million a year before.,B-dependent-There B-head-was O-also O-a O-decline O-in O-the O-group O-' X-s O-net O-financial O-costs O-to O-25 O-million O-f X-##ran X-##cs O-from O-50 O-million O-a O-year O-before O-.
"Jeffrey Nichols, president of APMS Canada, Toronto precious metals advisers, said there is little to motivate gold traders to buy the metal.","O-Jeffrey O-Nichols O-, O-president O-of O-AP X-##MS O-Canada O-, O-Toronto O-precious O-metals O-adviser X-##s O-, O-said B-dependent-there B-head-is O-little O-to O-m X-##ot X-##ivate O-gold O-traders O-to O-buy O-the O-metal O-."
"There isn't any rush on the part of investors in the West to buy gold, he said.","B-dependent-There B-head-is O-n X-' X-t O-any O-rush O-on O-the O-part O-of O-investors O-in O-the O-West O-to O-buy O-gold O-, O-he O-said O-."
"Dinsa Mehta, chief bullion trader for Chase Manhattan Bank, said: ""There is little incentive on the part of traders to sell gold because the stock market may go lower and gold may retain some of its `flight to safety' quality.","O-Din X-##sa O-Me X-##hta O-, O-chief O-bull X-##ion O-trader O-for O-Chase O-Manhattan O-Bank O-, O-said O-: O-"" B-dependent-There B-head-is O-little O-incentive O-on O-the O-part O-of O-traders O-to O-sell O-gold O-because O-the O-stock O-market O-may O-go O-lower O-and O-gold O-may O-retain O-some O-of O-its O-` X-flight O-to O-safety O-' O-quality O-."
"There is little incentive to buy gold because if the stock market goes higher, it may be just a false alarm.","B-dependent-There B-head-is O-little O-incentive O-to O-buy O-gold O-because O-if O-the O-stock O-market O-goes O-higher O-, O-it O-may O-be O-just O-a O-false O-alarm O-."
"""It would now be physically impossible to begin deliveries in 1992,"" a Hydro-Quebec official said.","O-"" B-dependent-It O-would O-now O-be O-physically B-head-impossible O-to O-begin O-deliver X-##ies O-in O-1992 O-, O-"" O-a O-H X-##ydro O-- O-Quebec O-official O-said O-."
"""I never agreed to it,"" Mr. Alexander says, adding that ""it's not necessary to pay these nuisance settlements.""","O-"" O-I O-never O-agreed O-to O-it O-, O-"" O-Mr X-. O-Alexander O-says O-, O-adding O-that O-"" B-dependent-it O-' X-s O-not B-head-necessary O-to O-pay O-these O-n X-##ui X-##sance O-settlements O-. O-"""
"If the law isn't changed, he says, ""we are left staring at rules that are almost impossible to implement, because there are so many complex depreciation calculations to do.""","O-If O-the O-law O-is O-n X-' X-t O-changed O-, O-he O-says O-, O-"" O-we O-are O-left O-staring O-at O-rules O-that O-are O-almost O-impossible O-to O-implement O-, O-because B-dependent-there B-head-are O-so O-many O-complex O-de X-##p X-##re X-##ciation O-calculations O-to O-do O-. O-"""
"Amending a 1988 return to claim a refund brings cash faster; but for personal losses, there are other factors to consider, notes publisher Prentice Hall.","O-Am X-##ending O-a O-1988 O-return O-to O-claim O-a O-re X-##fu X-##nd O-brings O-cash O-faster O-; O-but O-for O-personal O-losses O-, B-dependent-there B-head-are O-other O-factors O-to O-consider O-, O-notes O-publisher O-Prentice O-Hall O-."
"""Because there is a lot more volatility now, if guys see that they can make a quick 10% or 15% profit, they'll take it.""","O-"" O-Because B-dependent-there B-head-is O-a O-lot O-more O-vol X-##ati X-##lity O-now O-, O-if O-guys O-see O-that O-they O-can O-make O-a O-quick O-10 O-% O-or O-15 O-% O-profit O-, O-they O-' X-ll O-take O-it O-. O-"""
"""It is important to the cable industry that we have a vibrant and competitive pay-television marketplace,"" Mr. Malone said in a statement.","O-"" B-dependent-It O-is B-head-important O-to O-the O-cable O-industry O-that O-we O-have O-a O-vibrant O-and O-competitive O-pay O-- O-television O-marketplace O-, O-"" O-Mr X-. O-Malone O-said O-in O-a O-statement O-."
"The B/T gene rearrangement test is more accurate than existing tests for diagnosing the type of cancer, whether it has spread or whether there is a recurrence following treatment, said Oncor President Stephen Turner.","O-The O-B X-/ X-T O-gene O-rear X-##rang X-##ement O-test O-is O-more O-accurate O-than O-existing O-tests O-for O-di X-##ag X-##nos X-##ing O-the O-type O-of O-cancer O-, O-whether O-it O-has O-spread O-or O-whether B-dependent-there B-head-is O-a O-re X-##cu X-##rrence O-following O-treatment O-, O-said O-On X-##cor O-President O-Stephen O-Turner O-."
"However, the officials said it was too early to disclose the nature of the proposed projects or indicate when the talks might be concluded.","O-However O-, O-the O-officials O-said B-dependent-it O-was O-too B-head-early O-to O-disc X-##lose O-the O-nature O-of O-the O-proposed O-projects O-or O-indicate O-when O-the O-talks O-might O-be O-concluded O-."
"""While Mr. Reuter's comments please us very much, there currently are no talks in progress regarding the automotive industry,"" a Fiat spokeswoman said.","O-"" O-While O-Mr X-. O-Re X-##uter O-' X-s O-comments O-please O-us O-very O-much O-, B-dependent-there O-currently B-head-are O-no O-talks O-in O-progress O-regarding O-the O-automotive O-industry O-, O-"" O-a O-Fiat O-spoke X-##s X-##woman O-said O-."
"Some analysts note that after last week's stock market tailspin and Tuesday's California earthquake, it's hard to gauge where the central bank wants the key federal funds rate.","O-Some O-analysts O-note O-that O-after O-last O-week O-' X-s O-stock O-market O-tails X-##pin O-and O-Tuesday O-' X-s O-California O-earthquake O-, B-dependent-it O-' X-s B-head-hard O-to O-gauge O-where O-the O-central O-bank O-wants O-the O-key O-federal O-funds O-rate O-."
"But it's hard to squeeze much profit out of the personal-computer business these days, and the workstation market, while important, is too small to rely on for much growth.","O-But B-dependent-it O-' X-s B-head-hard O-to O-squeeze O-much O-profit O-out O-of O-the O-personal O-- O-computer O-business O-these O-days O-, O-and O-the O-works X-##tation O-market O-, O-while O-important O-, O-is O-too O-small O-to O-rely O-on O-for O-much O-growth O-."
"Jeffrey Miller of Miller Tabak Hirsch & Co. said that given the high degree of leverage in the options market, it is ""very easy for these guys to get wiped out.","O-Jeffrey O-Miller O-of O-Miller O-Ta X-##ba X-##k O-Hi X-##rsch O-& O-Co X-. O-said O-that O-given O-the O-high O-degree O-of O-leverage O-in O-the O-options O-market O-, B-dependent-it O-is O-"" O-very B-head-easy O-for O-these O-guys O-to O-get O-wiped O-out O-."
"""It was great to have the luxury of time,"" Mr. Rawls said.","O-"" B-dependent-It O-was B-head-great O-to O-have O-the O-luxury O-of O-time O-, O-"" O-Mr X-. O-Raw X-##ls O-said O-."
But there are other long-term effects that raise serious questions about the ability of California's infrastructure to withstand a major temblor.,O-But B-dependent-there B-head-are O-other O-long O-- O-term O-effects O-that O-raise O-serious O-questions O-about O-the O-ability O-of O-California O-' X-s O-infrastructure O-to O-withstand O-a O-major O-te X-##mb X-##lor O-.
"""We've run out of places to build freeways in L.A., and the only place to go is up,"" Mr. O'Connell said, although he acknowledges there are many obstacles, including cost.","O-"" O-We O-' X-ve O-run O-out O-of O-places O-to O-build O-freeway X-##s O-in O-L X-. X-A X-. O-, O-and O-the O-only O-place O-to O-go O-is O-up O-, O-"" O-Mr X-. O-O X-' X-Connell O-said O-, O-although O-he O-acknowledge X-##s B-dependent-there B-head-are O-many O-obstacles O-, O-including O-cost O-."
"Given the seismic history of the Bay Area, ""it seems to me that a 6.9 earthquake is a foreseeable event.""","O-Given O-the O-se X-##ismic O-history O-of O-the O-Bay O-Area O-, O-"" B-dependent-it B-head-seems O-to O-me O-that O-a O-6 X-. X-9 O-earthquake O-is O-a O-fore X-##see X-##able O-event O-. O-"""
"Collectors who have made their money on Wall Street have become an increasingly important part of the art business and their money has helped fuel the art boom, but recently it appears Sotheby's has been returning the compliment.","O-Collector X-##s O-who O-have O-made O-their O-money O-on O-Wall O-Street O-have O-become O-an O-increasingly O-important O-part O-of O-the O-art O-business O-and O-their O-money O-has O-helped O-fuel O-the O-art O-boom O-, O-but O-recently B-dependent-it B-head-appears O-So X-##the X-##by O-' X-s O-has O-been O-returning O-the O-compliment O-."
"""There seems to be a lot of art for sale, but there's more competition.","O-"" B-dependent-There B-head-seems O-to O-be O-a O-lot O-of O-art O-for O-sale O-, O-but O-there O-' X-s O-more O-competition O-."
"""There seems to be a lot of art for sale, but there's more competition.","O-"" O-There O-seems O-to O-be O-a O-lot O-of O-art O-for O-sale O-, O-but B-dependent-there B-head-' X-s O-more O-competition O-."
"But it's likely that Sotheby's will take a higher than usual commission, called an override, on the amount exceeding the guarantee.","O-But B-dependent-it O-' X-s B-head-likely O-that O-So X-##the X-##by O-' X-s O-will O-take O-a O-higher O-than O-usual O-commission O-, O-called O-an O-over X-##ride O-, O-on O-the O-amount O-exceeding O-the O-guarantee O-."
"""There's more and more of this cash-up-front going on at every level,"" says Bruce Miller, president of Art Funding Corp., an art lender.","O-"" B-dependent-There B-head-' X-s O-more O-and O-more O-of O-this O-cash O-- O-up O-- O-front O-going O-on O-at O-every O-level O-, O-"" O-says O-Bruce O-Miller O-, O-president O-of O-Art O-Funding O-Corp X-. O-, O-an O-art O-lend X-##er O-."
The company said it hopes to resume its schedule of regular quarterly dividends at the end of this year.,O-The O-company O-said B-dependent-it B-head-hopes O-to O-resume O-its O-schedule O-of O-regular O-quarterly O-divide X-##nds O-at O-the O-end O-of O-this O-year O-.
"There is a recognizable musical style here, but not a particular performance style.","B-dependent-There B-head-is O-a O-recognizable O-musical O-style O-here O-, O-but O-not O-a O-particular O-performance O-style O-."
"The music is not especially pianistic; indeed, it's hard to imagine a bad performance of it.","O-The O-music O-is O-not O-especially O-pianist X-##ic O-; O-indeed O-, B-dependent-it O-' X-s B-head-hard O-to O-imagine O-a O-bad O-performance O-of O-it O-."
"The chords modulate, but there is little filigree even though his fingers begin to wander over more of the keys.","O-The O-chords O-m X-##od X-##ulate O-, O-but B-dependent-there B-head-is O-little O-fi X-##li X-##g X-##ree O-even O-though O-his O-fingers O-begin O-to O-wander O-over O-more O-of O-the O-keys O-."
"""Many members feel there are important features of the House bill that should be enacted,"" Speaker Thomas Foley (D., Wash.) said.","O-"" O-Many O-members O-feel B-dependent-there B-head-are O-important O-features O-of O-the O-House O-bill O-that O-should O-be O-enacted O-, O-"" O-Speaker O-Thomas O-Foley O-( O-D X-. O-, O-Was X-##h O-. O-) O-said O-."
"""If there is any support for reducing the bill, it is conditioned on their desire to see them passed in another form.""","O-"" O-If B-dependent-there B-head-is O-any O-support O-for O-reducing O-the O-bill O-, O-it O-is O-conditioned O-on O-their O-desire O-to O-see O-them O-passed O-in O-another O-form O-. O-"""
"There was limited production of some models yesterday, but it wasn't clear when the normal 750-car-a-day pace will resume.","B-dependent-There B-head-was O-limited O-production O-of O-some O-models O-yesterday O-, O-but O-it O-was O-n X-' X-t O-clear O-when O-the O-normal O-750 O-- O-car O-- O-a O-- O-day O-pace O-will O-resume O-."
"There was limited production of some models yesterday, but it wasn't clear when the normal 750-car-a-day pace will resume.","O-There O-was O-limited O-production O-of O-some O-models O-yesterday O-, O-but B-dependent-it O-was O-n X-' X-t B-head-clear O-when O-the O-normal O-750 O-- O-car O-- O-a O-- O-day O-pace O-will O-resume O-."
"Co., Palo Alto, personal computer and electronic equipment maker, annual sales of $9.8 billion, NYSE, said there will be a ""minimal suspension"" of manufacturing for an undefined period.","O-Co X-. O-, O-Pa X-##lo O-Alto O-, O-personal O-computer O-and O-electronic O-equipment O-maker O-, O-annual O-sales O-of O-$ O-9 X-. X-8 O-billion O-, O-NY X-##SE O-, O-said B-dependent-there O-will B-head-be O-a O-"" O-minimal O-suspension O-"" O-of O-manufacturing O-for O-an O-und X-##ef X-##ined O-period O-."
Others had lesser damage and there were no injuries among workers.,O-Others O-had O-lesser O-damage O-and B-dependent-there B-head-were O-no O-injuries O-among O-workers O-.
"It also wasn't known what the impact will be on the division's work, which includes the Navy's Trident submarine-based missile program and the Air Force's Strategic Defense Initiative.","B-dependent-It O-also O-was O-n X-' X-t B-head-known O-what O-the O-impact O-will O-be O-on O-the O-division O-' X-s O-work O-, O-which O-includes O-the O-Navy O-' X-s O-Tri X-##dent O-submarine O-- O-based O-missile O-program O-and O-the O-Air O-Force O-' X-s O-Strategic O-Defense O-Initiative O-."
"R.H. MACY & Co., New York, retailer, annual sales of $7 billion, said there was minor damage to its 24 Macy stores and nine I. Magnin stores in the Bay area.","O-R X-. X-H X-. O-MAC X-##Y O-& O-Co X-. O-, O-New O-York O-, O-retailer O-, O-annual O-sales O-of O-$ O-7 O-billion O-, O-said B-dependent-there B-head-was O-minor O-damage O-to O-its O-24 O-Macy O-stores O-and O-nine O-I X-. O-Ma X-##gni X-##n O-stores O-in O-the O-Bay O-area O-."
"PACIFIC GAS & ELECTRIC CO., San Francisco, electric, gas and water supplier, annual sales $7.6 billion, some minor damage to headquarters, undetermined damage to four nearby substations, severe structural damage to a major power plant at Moss Landing, extensive damage to gas lines and electric lines, 400,000 residences without electricity and 69,000 without gas, cannot reconnect electricity until it is certain there are no gas leaks, no predictions on when this will happen.","O-PA X-##CI X-##FI X-##C O-GA X-##S O-& O-E X-##LE X-##CT X-##RI X-##C O-CO X-. O-, O-San O-Francisco O-, O-electric O-, O-gas O-and O-water O-supplier O-, O-annual O-sales O-$ O-7 X-. X-6 O-billion O-, O-some O-minor O-damage O-to O-headquarters O-, O-und X-##eter X-##mined O-damage O-to O-four O-nearby O-sub X-##sta X-##tions O-, O-severe O-structural O-damage O-to O-a O-major O-power O-plant O-at O-Moss O-Landing O-, O-extensive O-damage O-to O-gas O-lines O-and O-electric O-lines O-, O-400 X-, X-000 O-residences O-without O-electricity O-and O-69 X-, X-000 O-without O-gas O-, O-cannot O-re X-##con X-##nect O-electricity O-until B-dependent-it O-is B-head-certain O-there O-are O-no O-gas O-leak X-##s O-, O-no O-predictions O-on O-when O-this O-will O-happen O-."
"PACIFIC GAS & ELECTRIC CO., San Francisco, electric, gas and water supplier, annual sales $7.6 billion, some minor damage to headquarters, undetermined damage to four nearby substations, severe structural damage to a major power plant at Moss Landing, extensive damage to gas lines and electric lines, 400,000 residences without electricity and 69,000 without gas, cannot reconnect electricity until it is certain there are no gas leaks, no predictions on when this will happen.","O-PA X-##CI X-##FI X-##C O-GA X-##S O-& O-E X-##LE X-##CT X-##RI X-##C O-CO X-. O-, O-San O-Francisco O-, O-electric O-, O-gas O-and O-water O-supplier O-, O-annual O-sales O-$ O-7 X-. X-6 O-billion O-, O-some O-minor O-damage O-to O-headquarters O-, O-und X-##eter X-##mined O-damage O-to O-four O-nearby O-sub X-##sta X-##tions O-, O-severe O-structural O-damage O-to O-a O-major O-power O-plant O-at O-Moss O-Landing O-, O-extensive O-damage O-to O-gas O-lines O-and O-electric O-lines O-, O-400 X-, X-000 O-residences O-without O-electricity O-and O-69 X-, X-000 O-without O-gas O-, O-cannot O-re X-##con X-##nect O-electricity O-until O-it O-is O-certain B-dependent-there B-head-are O-no O-gas O-leak X-##s O-, O-no O-predictions O-on O-when O-this O-will O-happen O-."
"There are more than 650 stocks on which options may be bought and sold, including some over-the-counter stocks.","B-dependent-There B-head-are O-more O-than O-650 O-stocks O-on O-which O-options O-may O-be O-bought O-and O-sold O-, O-including O-some O-over O-- O-the O-- O-counter O-stocks O-."
"It wasn't clear, however, whether the actions were related to a battle between the corporate raider and New York attorney Martin Ackerman for control of Datapoint Corp., a San Antonio, Texas-based data-processing systems maker.","B-dependent-It O-was O-n X-' X-t B-head-clear O-, O-however O-, O-whether O-the O-actions O-were O-related O-to O-a O-battle O-between O-the O-corporate O-raid X-##er O-and O-New O-York O-attorney O-Martin O-A X-##cker X-##man O-for O-control O-of O-Data X-##point O-Corp X-. O-, O-a O-San O-Antonio O-, O-Texas O-- O-based O-data O-- O-processing O-systems O-maker O-."
"New, efficient and sophisticated processes make it easier for smaller, less cash-rich companies to make steel at a fraction of what Big Steel paid decades ago.","O-New O-, O-efficient O-and O-sophisticated O-processes B-head-make B-dependent-it O-easier O-for O-smaller O-, O-less O-cash O-- O-rich O-companies O-to O-make O-steel O-at O-a O-fraction O-of O-what O-Big O-Steel O-paid O-decades O-ago O-."
"""There's a revolution ahead of us that will ultimately change the way we market and distribute steel,"" says William Dennis, vice president, manufacturing and technology, for the American Iron Ore and Steel Institute.","O-"" B-dependent-There B-head-' X-s O-a O-revolution O-ahead O-of O-us O-that O-will O-ultimately O-change O-the O-way O-we O-market O-and O-distribute O-steel O-, O-"" O-says O-William O-Dennis O-, O-vice O-president O-, O-manufacturing O-and O-technology O-, O-for O-the O-American O-Iron O-Or X-##e O-and O-Steel O-Institute O-."
"""It's no longer enough to beat the guy down the street.","O-"" B-dependent-It O-' X-s O-no O-longer B-head-enough O-to O-beat O-the O-guy O-down O-the O-street O-."
"""Unless there is an enormous rate of economic growth or a further drop in the dollar, it's unlikely that consumption of U.S. produced steel will grow sufficiently to offset the growth of minimills.""","O-"" O-Unless B-dependent-there B-head-is O-an O-enormous O-rate O-of O-economic O-growth O-or O-a O-further O-drop O-in O-the O-dollar O-, O-it O-' X-s O-unlikely O-that O-consumption O-of O-U X-. X-S X-. O-produced O-steel O-will O-grow O-sufficiently O-to O-offset O-the O-growth O-of O-mini X-##mill X-##s O-. O-"""
"""Unless there is an enormous rate of economic growth or a further drop in the dollar, it's unlikely that consumption of U.S. produced steel will grow sufficiently to offset the growth of minimills.""","O-"" O-Unless O-there O-is O-an O-enormous O-rate O-of O-economic O-growth O-or O-a O-further O-drop O-in O-the O-dollar O-, B-dependent-it O-' X-s B-head-unlikely O-that O-consumption O-of O-U X-. X-S X-. O-produced O-steel O-will O-grow O-sufficiently O-to O-offset O-the O-growth O-of O-mini X-##mill X-##s O-. O-"""
"Marc M. Goloven, an economist with Manufacturers Hanover Trust in New York, said that while the figures appear to indicate a sadly deteriorating U.S. trade performance, there's still enough positive news in the data to justify buying dollars.","O-Marc O-M X-. O-Go X-##love X-##n O-, O-an O-economist O-with O-Man X-##uf X-##act X-##urers O-Hanover O-Trust O-in O-New O-York O-, O-said O-that O-while O-the O-figures O-appear O-to O-indicate O-a O-sadly O-de X-##ter X-##ior X-##ating O-U X-. X-S X-. O-trade O-performance O-, B-dependent-there B-head-' X-s O-still O-enough O-positive O-news O-in O-the O-data O-to O-justify O-buying O-dollars O-."
"""There's quite a bit of value left in the {Jaguar} shares here even though they have run up"" lately, says Doug Johnson, a fund manager for Seattle-based Safeco Asset Management.","O-"" B-dependent-There B-head-' X-s O-quite O-a O-bit O-of O-value O-left O-in O-the O-{ O-Jaguar X-} O-shares O-here O-even O-though O-they O-have O-run O-up O-"" O-lately O-, O-says O-Doug O-Johnson O-, O-a O-fund O-manager O-for O-Seattle O-- O-based O-Safe X-##co O-As X-##set O-Management O-."
"""Investors had expected the worst from the stock market, and so they piled into government bonds last Friday,"" said Steven Einhorn, chairman of the investment policy committee at Goldman, Sachs & Co. ""But when we didn't get the worst, there was some movement out of bonds and back into stocks"" yesterday.","O-"" O-In X-##ves X-##tors O-had O-expected O-the O-worst O-from O-the O-stock O-market O-, O-and O-so O-they O-piled O-into O-government O-bonds O-last O-Friday O-, O-"" O-said O-Steven O-Ein X-##horn O-, O-chairman O-of O-the O-investment O-policy O-committee O-at O-Goldman O-, O-Sachs O-& O-Co O-. O-"" O-But O-when O-we O-did O-n X-' X-t O-get O-the O-worst O-, B-dependent-there B-head-was O-some O-movement O-out O-of O-bonds O-and O-back O-into O-stocks O-"" O-yesterday O-."
"""There's no shortage of major things to do,"" he said.","O-"" B-dependent-There B-head-' X-s O-no O-shortage O-of O-major O-things O-to O-do O-, O-"" O-he O-said O-."
But there never was a chance that the Afghan resistance would overthrow the Kabul regime quickly and easily.,O-But B-dependent-there O-never B-head-was O-a O-chance O-that O-the O-Afghan O-resistance O-would O-overthrow O-the O-Kabul O-regime O-quickly O-and O-easily O-.
It is well-known that the regular Afghan infantry is filled with reluctant conscripts.,B-dependent-It O-is O-well O-- B-head-known O-that O-the O-regular O-Afghan O-infantry O-is O-filled O-with O-reluctant O-con X-##s X-##cripts O-.
"Last summer, in response to congressional criticism, the State Department and the CIA said they had resumed military aid to the resistance months after it was cut off; but it is not clear how much is being sent or when it will arrive.","O-Last O-summer O-, O-in O-response O-to O-congressional O-criticism O-, O-the O-State O-Department O-and O-the O-CIA O-said O-they O-had O-resumed O-military O-aid O-to O-the O-resistance O-months O-after O-it O-was O-cut O-off O-; O-but B-dependent-it O-is O-not B-head-clear O-how O-much O-is O-being O-sent O-or O-when O-it O-will O-arrive O-."
Thus far there is no indication that they have been re-supplied with Stingers or other anti-aircraft weapons.,O-Thus O-far B-dependent-there B-head-is O-no O-indication O-that O-they O-have O-been O-re X-- X-supplied O-with O-Sting X-##ers O-or O-other O-anti X-- X-aircraft O-weapons O-.
"""There was a difference of opinion as to the future direction of the company,"" a spokeswoman said.","O-"" B-dependent-There B-head-was O-a O-difference O-of O-opinion O-as O-to O-the O-future O-direction O-of O-the O-company O-, O-"" O-a O-spoke X-##s X-##woman O-said O-."
"There are no firm plans to expand the experimental program beyond the University of Pittsburgh, whose hospital performs the most transplants in the world.","B-dependent-There B-head-are O-no O-firm O-plans O-to O-expand O-the O-experimental O-program O-beyond O-the O-University O-of O-Pittsburgh O-, O-whose O-hospital O-performs O-the O-most O-transplant X-##s O-in O-the O-world O-."
There is also worry that the Pepper Commission studying long-term health care will again push lawmakers toward employerpaid solutions.,B-dependent-There B-head-is O-also O-worry O-that O-the O-Pepper O-Commission O-studying O-long O-- O-term O-health O-care O-will O-again O-push O-law X-##makers O-toward O-employer X-##pa X-##id O-solutions O-.
"For one thing, there is an old master on the wall -- ""Samuel Anointing David,"" a big baroque canvas painted by Mattia Preti, a 17th-century Neapolitan.","O-For O-one O-thing O-, B-dependent-there B-head-is O-an O-old O-master O-on O-the O-wall O-- X-- O-"" O-Samuel O-An X-##oint X-##ing O-David O-, O-"" O-a O-big O-baroque O-canvas O-painted O-by O-Matt X-##ia O-Pre X-##ti O-, O-a O-17th O-- O-century O-N X-##ea X-##politan O-."
"There's no fire sale here.""","B-dependent-There B-head-' X-s O-no O-fire O-sale O-here O-. O-"""
"For several months, there was optimism all around.","O-For O-several O-months O-, B-dependent-there B-head-was O-op X-##ti X-##mism O-all O-around O-."
"It's not that there aren't any bids, but the bids don't meet the minimum ""reserve"" prices set by the sellers.","B-dependent-It O-' X-s O-not O-that O-there B-head-are O-n X-' X-t O-any O-bids O-, O-but O-the O-bids O-do O-n X-' X-t O-meet O-the O-minimum O-"" O-reserve O-"" O-prices O-set O-by O-the O-seller X-##s O-."
"It's not that there aren't any bids, but the bids don't meet the minimum ""reserve"" prices set by the sellers.","O-It O-' X-s O-not O-that B-dependent-there B-head-are O-n X-' X-t O-any O-bids O-, O-but O-the O-bids O-do O-n X-' X-t O-meet O-the O-minimum O-"" O-reserve O-"" O-prices O-set O-by O-the O-seller X-##s O-."
"""After a few years, you can argue there has been natural appreciation,"" says Susan Theran, the publisher of Leonard's Annual Price Index of Art Auctions.","O-"" O-After O-a O-few O-years O-, O-you O-can O-argue B-dependent-there O-has B-head-been O-natural O-appreciation O-, O-"" O-says O-Susan O-The X-##ran O-, O-the O-publisher O-of O-Leonard O-' X-s O-Annual O-Price O-Index O-of O-Art O-Au X-##ctions O-."
"Naomi Bernhard Levinson, a fine-arts appraiser at Bernhard Associates in San Francisco, considers it ""definite conflict of interest for an auction house to both advise a client on purchases and to set price estimates on the paintings to be purchased.""","O-Naomi O-Bernhard O-Levin X-##son O-, O-a O-fine O-- O-arts O-app X-##raiser O-at O-Bernhard O-Associates O-in O-San O-Francisco O-, B-head-considers B-dependent-it O-"" O-definite O-conflict O-of O-interest O-for O-an O-auction O-house O-to O-both O-advise O-a O-client O-on O-purchases O-and O-to O-set O-price O-estimates O-on O-the O-paintings O-to O-be O-purchased O-. O-"""
"""I can't see why there would be a conflict of interest,"" says Sotheby's Ms. Levitt.","O-"" O-I O-can X-' X-t O-see O-why B-dependent-there O-would B-head-be O-a O-conflict O-of O-interest O-, O-"" O-says O-So X-##the X-##by O-' X-s O-Ms X-. O-Levi X-##tt O-."
"If it finds one of those passwords, Mr. Alexander said, the worm will do such things as change users' passwords to a series of random numbers, preventing them from signing on to the network.","O-If B-dependent-it B-head-finds O-one O-of O-those O-password X-##s O-, O-Mr X-. O-Alexander O-said O-, O-the O-worm O-will O-do O-such O-things O-as O-change O-users O-' O-password X-##s O-to O-a O-series O-of O-random O-numbers O-, O-preventing O-them O-from O-signing O-on O-to O-the O-network O-."
But it isn't clear how he would treat other leveraged buy-outs.,O-But B-dependent-it O-is O-n X-' X-t B-head-clear O-how O-he O-would O-treat O-other O-leverage X-##d O-buy O-- O-outs O-.
It appears that some leading administration officials believe the Northwest decision leaves the U.S. open to charges of protectionism and could undermine the U.S. position in international trade talks.,B-dependent-It B-head-appears O-that O-some O-leading O-administration O-officials O-believe O-the O-Northwest O-decision O-leaves O-the O-U X-. X-S X-. O-open O-to O-charges O-of O-protection X-##ism O-and O-could O-under X-##mine O-the O-U X-. X-S X-. O-position O-in O-international O-trade O-talks O-.
"He and other department officials argue that it would be foolish to open U.S. markets to foreign carriers through investments, when other countries are blocking expanded service by American carriers overseas.","O-He O-and O-other O-department O-officials O-argue O-that B-dependent-it O-would O-be B-head-foolish O-to O-open O-U X-. X-S X-. O-markets O-to O-foreign O-carriers O-through O-investments O-, O-when O-other O-countries O-are O-blocking O-expanded O-service O-by O-American O-carriers O-overseas O-."
But some experts say that there isn't a correlation between an airline's debt load and its safety record.,O-But O-some O-experts O-say O-that B-dependent-there B-head-is O-n X-' X-t O-a O-correlation O-between O-an O-airline O-' X-s O-debt O-load O-and O-its O-safety O-record O-.
"""There is talk of some revamping and we're certainly heading in the direction of less and less animation,"" said Joseph S. Cicero, vice president of finance and administration for National Broadcasting Co., a unit of General Electric Co.","O-"" B-dependent-There B-head-is O-talk O-of O-some O-re X-##va X-##mp X-##ing O-and O-we O-' X-re O-certainly O-heading O-in O-the O-direction O-of O-less O-and O-less O-animation O-, O-"" O-said O-Joseph O-S X-. O-Cicero O-, O-vice O-president O-of O-finance O-and O-administration O-for O-National O-Broadcasting O-Co X-. O-, O-a O-unit O-of O-General O-Electric O-Co O-."
"""We feel there is an opportunity for an audience that is not being served by any network, so we want to take the lead,"" says KCRA's general manager, John Kueneke.","O-"" O-We O-feel B-dependent-there B-head-is O-an O-opportunity O-for O-an O-audience O-that O-is O-not O-being O-served O-by O-any O-network O-, O-so O-we O-want O-to O-take O-the O-lead O-, O-"" O-says O-KC X-##RA O-' X-s O-general O-manager O-, O-John O-Ku X-##ene X-##ke O-."
"Spokesmen for the television networks of CBS Inc. and Capital Cities/ABC Inc., say there are no plans to alter the children's line-up on Saturday mornings.","O-S X-##po X-##kes X-##men O-for O-the O-television O-networks O-of O-CBS O-Inc X-. O-and O-Capital O-Cities O-/ O-ABC O-Inc X-. O-, O-say B-dependent-there B-head-are O-no O-plans O-to O-alter O-the O-children O-' X-s O-line O-- O-up O-on O-Saturday O-mornings O-."
"There has been a surge in syndicated children's shows to independent stations, as well as competition from videocassettes for kids and from cable outlets such as Nickelodeon and the Disney Channel.","B-dependent-There O-has B-head-been O-a O-surge O-in O-syndicated O-children O-' X-s O-shows O-to O-independent O-stations O-, O-as O-well O-as O-competition O-from O-video X-##cas X-##sett X-##es O-for O-kids O-and O-from O-cable O-outlets O-such O-as O-Nickelodeon O-and O-the O-Disney O-Channel O-."
"At the same time, there appears to be a market for news-oriented programming; Turner Broadcasting System Inc. 's Cable News Network has its highest ratings, outside of prime time, on Saturday mornings.","O-At O-the O-same O-time O-, B-dependent-there B-head-appears O-to O-be O-a O-market O-for O-news O-- O-oriented O-programming O-; O-Turner O-Broadcasting O-System O-Inc X-. O-' X-s O-Cable O-News O-Network O-has O-its O-highest O-ratings O-, O-outside O-of O-prime O-time O-, O-on O-Saturday O-mornings O-."
"It would be difficult to explain to average American workers that their tax dollars were being used to guarantee mortgages on $200,000 homes.","B-dependent-It O-would O-be B-head-difficult O-to O-explain O-to O-average O-American O-workers O-that O-their O-tax O-dollars O-were O-being O-used O-to O-guarantee O-mortgage X-##s O-on O-$ O-200 X-, X-000 O-homes O-."
It was easy to extend a government guarantee to cover apparent problems.,B-dependent-It O-was B-head-easy O-to O-extend O-a O-government O-guarantee O-to O-cover O-apparent O-problems O-.
"Meanwhile, there was an awful lot of confusion.","O-Meanwhile O-, B-dependent-there B-head-was O-an O-awful O-lot O-of O-confusion O-."
And there were other blunders.,O-And B-dependent-there B-head-were O-other O-b X-##lund X-##ers O-.
"As art dealer Richard Feigen sees it, ""There is unlimited money trying to absorb itself in art.""","O-As O-art O-dealer O-Richard O-Fe X-##ige X-##n O-sees O-it O-, O-"" B-dependent-There B-head-is O-unlimited O-money O-trying O-to O-absorb O-itself O-in O-art O-. O-"""
"Of the current group of paintings, it's hard to say which, in the days before tax reform, might have been donated instead of sold.","O-Of O-the O-current O-group O-of O-paintings O-, B-dependent-it O-' X-s B-head-hard O-to O-say O-which O-, O-in O-the O-days O-before O-tax O-reform O-, O-might O-have O-been O-donated O-instead O-of O-sold O-."
"""Now there is a hemorrhaging of this country's patrimony.""","O-"" O-Now B-dependent-there B-head-is O-a O-hem X-##or X-##r X-##ha X-##ging O-of O-this O-country O-' X-s O-pat X-##rim X-##ony O-. O-"""
"And it will soon be clear whether enough people will be raising those little bidding paddles, no matter what the cost.","O-And B-dependent-it O-will O-soon O-be B-head-clear O-whether O-enough O-people O-will O-be O-raising O-those O-little O-bidding O-paddle X-##s O-, O-no O-matter O-what O-the O-cost O-."
But the stakes are now very high and for your $40 million you can buy only the best of what is available -- which may not be the best there is.,O-But O-the O-stakes O-are O-now O-very O-high O-and O-for O-your O-$ O-40 O-million O-you O-can O-buy O-only O-the O-best O-of O-what O-is O-available O-- X-- O-which O-may O-not O-be O-the O-best B-dependent-there B-head-is O-.
It is now a commonplace that prosecutors are bringing criminal indictments in cases where until a few years ago only a civil action at most would have been brought.,B-dependent-It O-is O-now O-a B-head-common X-##place O-that O-prosecutors O-are O-bringing O-criminal O-indictment X-##s O-in O-cases O-where O-until O-a O-few O-years O-ago O-only O-a O-civil O-action O-at O-most O-would O-have O-been O-brought O-.
"Yet it is also axiomatic that the power to create new crimes belongs only to the legislature, and not to courts.","O-Yet B-dependent-it O-is O-also B-head-a X-##xi X-##oma X-##tic O-that O-the O-power O-to O-create O-new O-crimes O-belongs O-only O-to O-the O-legislature O-, O-and O-not O-to O-courts O-."
Was there a fiduciary breach in order to obtain personal gain?,B-head-Was B-dependent-there O-a O-fi X-##du X-##cia X-##ry O-breach O-in O-order O-to O-obtain O-personal O-gain O-?
It is not my contention that either Mr. Chestman or Mr. Freeman was an innocent victim of prosecutorial overzealousness.,B-dependent-It O-is O-not O-my B-head-contention O-that O-either O-Mr X-. O-Ch X-##est X-##man O-or O-Mr X-. O-Freeman O-was O-an O-innocent O-victim O-of O-prosecutor X-##ial O-over X-##ze X-##alo X-##us X-##ness O-.
"Today, after Mr. Freeman's plea, there is an uncertainty that is both unfair and inefficient.","O-Today O-, O-after O-Mr X-. O-Freeman O-' X-s O-plea O-, B-dependent-there B-head-is O-an O-uncertainty O-that O-is O-both O-unfair O-and O-in X-##ef X-##ficient O-."
"Such a statute illustrates the fundamental problem: Congress finds it is easier to pass sweepingly moralistic prohibitions, which the courts must thereafter interpret, than to engage in the difficult line-drawing distinctions that are inherently its responsibility.","O-Such O-a O-statute O-illustrate X-##s O-the O-fundamental O-problem O-: O-Congress O-finds B-dependent-it O-is B-head-easier O-to O-pass O-sweeping X-##ly O-moral X-##istic O-prohibition X-##s O-, O-which O-the O-courts O-must O-thereafter O-interpret O-, O-than O-to O-engage O-in O-the O-difficult O-line O-- O-drawing O-distinction X-##s O-that O-are O-inherent X-##ly O-its O-responsibility O-."
"Institut Merieux's bid for Toronto-based Connaught has run into problems with the Canadian government, which told Merieux last week that it wasn't convinced that the proposed acquisition would be of ""net benefit"" to Canada.","O-Institut O-Me X-##rie X-##ux O-' X-s O-bid O-for O-Toronto O-- O-based O-Con X-##na X-##ught O-has O-run O-into O-problems O-with O-the O-Canadian O-government O-, O-which O-told O-Me X-##rie X-##ux O-last O-week O-that B-dependent-it O-was O-n X-' X-t B-head-convinced O-that O-the O-proposed O-acquisition O-would O-be O-of O-"" O-net O-benefit O-"" O-to O-Canada O-."
"Beyond that, Prospect said it wouldn't offer to acquire additional shares for less than $11.25 a share during the next year or less than $14.06 a share during the subsequent two years.","O-Beyond O-that O-, O-Prospect O-said B-dependent-it O-would O-n X-' X-t B-head-offer O-to O-acquire O-additional O-shares O-for O-less O-than O-$ O-11 X-. X-25 O-a O-share O-during O-the O-next O-year O-or O-less O-than O-$ O-14 X-. X-06 O-a O-share O-during O-the O-subsequent O-two O-years O-."
Recognition Equipment said it expected to put the agreement with Prospect to a vote of its stockholders at a special meeting in January.,O-Re X-##cognition O-Equipment O-said B-dependent-it B-head-expected O-to O-put O-the O-agreement O-with O-Prospect O-to O-a O-vote O-of O-its O-stock X-##holders O-at O-a O-special O-meeting O-in O-January O-.
A spokesman for Reuters in New York confirmed there was an error and that it was quickly corrected.,O-A O-spokesman O-for O-Re X-##uters O-in O-New O-York O-confirmed B-dependent-there B-head-was O-an O-error O-and O-that O-it O-was O-quickly O-corrected O-.
"""Everybody keeps repeating that it's OK, it's not the same as 1987, the central banks stand ready to stabilize the market, and yet there is a lot of uncertainty.""","O-"" O-Everybody O-keeps O-repeating O-that O-it O-' X-s O-OK O-, O-it O-' X-s O-not O-the O-same O-as O-1987 O-, O-the O-central O-banks O-stand O-ready O-to O-stab X-##ilize O-the O-market O-, O-and O-yet B-dependent-there B-head-is O-a O-lot O-of O-uncertainty O-. O-"""
And then there is his notion of an Irish-Soviet charter airline to ferry Armenians to Los Angeles via Shannon.,O-And O-then B-dependent-there B-head-is O-his O-notion O-of O-an O-Irish O-- O-Soviet O-charter O-airline O-to O-ferry O-Armenians O-to O-Los O-Angeles O-via O-Shannon O-.
"And, with those contacts in place, it could be relatively simple to add Aer Lingus and GPA to the team.","O-And O-, O-with O-those O-contacts O-in O-place O-, B-dependent-it O-could O-be O-relatively B-head-simple O-to O-add O-A X-##er O-Ling X-##us O-and O-GP X-##A O-to O-the O-team O-."
There are many reasons for the market's jumpiness: new trading vehicles such as stock-index futures and options; computer-driven strategies like program trading; and crowd psychology.,B-dependent-There B-head-are O-many O-reasons O-for O-the O-market O-' X-s O-jump X-##iness O-: O-new O-trading O-vehicles O-such O-as O-stock O-- O-index O-future X-##s O-and O-options O-; O-computer O-- O-driven O-strategies O-like O-program O-trading O-; O-and O-crowd O-psychology O-.
"""It's the idea that what goes in easy can come out easy"" -- so that bouts of higher volatility get built into the stock market.","O-"" B-dependent-It O-' X-s O-the B-head-idea O-that O-what O-goes O-in O-easy O-can O-come O-out O-easy O-"" O-- X-- O-so O-that O-bouts O-of O-higher O-vol X-##ati X-##lity O-get O-built O-into O-the O-stock O-market O-."
"""It was like they put you in a room with a gorilla and told you there were three doors to exit,"" said one Chicago-based futures trader.","O-"" O-It O-was O-like O-they O-put O-you O-in O-a O-room O-with O-a O-go X-##rilla O-and O-told O-you B-dependent-there B-head-were O-three O-doors O-to O-exit O-, O-"" O-said O-one O-Chicago O-- O-based O-future X-##s O-trader O-."
"While it has predicted that overall growth in unit sales of personal computers is slowing to about a 10% yearly rate, its own products are selling at a much faster rate because many are geared to the high-performance end of the market.","O-While B-dependent-it O-has B-head-predicted O-that O-overall O-growth O-in O-unit O-sales O-of O-personal O-computers O-is O-slowing O-to O-about O-a O-10 O-% O-yearly O-rate O-, O-its O-own O-products O-are O-selling O-at O-a O-much O-faster O-rate O-because O-many O-are O-geared O-to O-the O-high O-- O-performance O-end O-of O-the O-market O-."
"The common view, says Abby Cohen, strategist for Drexel Burnham Lambert, is that there will be ""mild economic growth, modest profit expansion, and things are going to be hunky-dory.","O-The O-common O-view O-, O-says O-Abby O-Cohen O-, O-s X-##trate X-##gis X-##t O-for O-Dr X-##ex X-##el O-Burn X-##ham O-Lambert O-, O-is O-that B-dependent-there O-will B-head-be O-"" O-mild O-economic O-growth O-, O-modest O-profit O-expansion O-, O-and O-things O-are O-going O-to O-be O-h X-##unk X-##y O-- O-do X-##ry O-."
There are still bulls out there.,B-dependent-There B-head-are O-still O-bull X-##s O-out O-there O-.
"It's a recognition that there was much too much fluff in the LBO market.""","B-dependent-It O-' X-s O-a B-head-recognition O-that O-there O-was O-much O-too O-much O-flu X-##ff O-in O-the O-L X-##BO O-market O-. O-"""
"It's a recognition that there was much too much fluff in the LBO market.""","O-It O-' X-s O-a O-recognition O-that B-dependent-there B-head-was O-much O-too O-much O-flu X-##ff O-in O-the O-L X-##BO O-market O-. O-"""
Crown Resources Corp. said it reached a definitive agreement to acquire the Gold Texas Resources Ltd. shares it doesn't already own.,O-Crown O-Resources O-Corp X-. O-said B-dependent-it B-head-reached O-a O-definitive O-agreement O-to O-acquire O-the O-Gold O-Texas O-Resources O-Ltd X-. O-shares O-it O-does O-n X-' X-t O-already O-own O-.
"""We call this land of ours Great Britain, and there may be those who believe this a somewhat immodest practice.","O-"" O-We O-call O-this O-land O-of O-ours O-Great O-Britain O-, O-and B-dependent-there O-may B-head-be O-those O-who O-believe O-this O-a O-somewhat O-im X-##mo X-##des X-##t O-practice O-."
"Though it's clear that Mr. Gelbart's sympathies do not lie with the far right, it's also true that he is evenhanded in dispensing his satirical jabs, taking sharp aim at senators and congressmen of all stripes and particularly at the media.","O-Though B-dependent-it O-' X-s B-head-clear O-that O-Mr X-. O-G X-##el X-##bar X-##t O-' X-s O-s X-##ym X-##path X-##ies O-do O-not O-lie O-with O-the O-far O-right O-, O-it O-' X-s O-also O-true O-that O-he O-is O-even X-##hand X-##ed O-in O-di X-##sp X-##ens X-##ing O-his O-satirical O-j X-##ab X-##s O-, O-taking O-sharp O-aim O-at O-senators O-and O-congress X-##men O-of O-all O-stripes O-and O-particularly O-at O-the O-media O-."
"Though it's clear that Mr. Gelbart's sympathies do not lie with the far right, it's also true that he is evenhanded in dispensing his satirical jabs, taking sharp aim at senators and congressmen of all stripes and particularly at the media.","O-Though O-it O-' X-s O-clear O-that O-Mr X-. O-G X-##el X-##bar X-##t O-' X-s O-s X-##ym X-##path X-##ies O-do O-not O-lie O-with O-the O-far O-right O-, B-dependent-it O-' X-s O-also B-head-true O-that O-he O-is O-even X-##hand X-##ed O-in O-di X-##sp X-##ens X-##ing O-his O-satirical O-j X-##ab X-##s O-, O-taking O-sharp O-aim O-at O-senators O-and O-congress X-##men O-of O-all O-stripes O-and O-particularly O-at O-the O-media O-."
The defense lawyers also argued that it was appropriate for the judge to consider whether the murder victims were committing a crime at the time they were killed.,O-The O-defense O-lawyers O-also O-argued O-that B-dependent-it O-was B-head-appropriate O-for O-the O-judge O-to O-consider O-whether O-the O-murder O-victims O-were O-committing O-a O-crime O-at O-the O-time O-they O-were O-killed O-.
"Observers said it appeared that British Air was angered at the way the bid has degenerated into confusion, as well as by the banks' effort to round up financing for what one called ""a deal that isn't a deal.""","O-Observer X-##s O-said B-dependent-it B-head-appeared O-that O-British O-Air O-was O-angered O-at O-the O-way O-the O-bid O-has O-de X-##generate X-##d O-into O-confusion O-, O-as O-well O-as O-by O-the O-banks O-' O-effort O-to O-round O-up O-financing O-for O-what O-one O-called O-"" O-a O-deal O-that O-is O-n X-' X-t O-a O-deal O-. O-"""
"Although it may not be legally obligated to sell the company if the buy-out group can't revive its bid, it may have to explore alternatives if the buyers come back with a bid much lower than the group's original $300-a-share proposal.","O-Although B-dependent-it O-may O-not O-be O-legally B-head-o X-##b X-##liga X-##ted O-to O-sell O-the O-company O-if O-the O-buy O-- O-out O-group O-can X-' X-t O-revive O-its O-bid O-, O-it O-may O-have O-to O-explore O-alternatives O-if O-the O-buyers O-come O-back O-with O-a O-bid O-much O-lower O-than O-the O-group O-' X-s O-original O-$ O-300 O-- O-a X-- O-share O-proposal O-."
"""I'm somewhat skeptical about the underlying demand"" for Polaroid products, said Michael Ellmann, an analyst with Wertheim Schroder & Co. ""If you believe that a good performance next year is contingent on an acceleration of revenue, there isn't a lot here to base optimism on.""","O-"" O-I X-' X-m O-somewhat O-skeptical O-about O-the O-underlying O-demand O-"" O-for O-Polar X-##oid O-products O-, O-said O-Michael O-El X-##lman X-##n O-, O-an O-analyst O-with O-We X-##rth X-##eim O-Sc X-##hr X-##ode X-##r O-& O-Co O-. O-"" O-If O-you O-believe O-that O-a O-good O-performance O-next O-year O-is O-contingent O-on O-an O-acceleration O-of O-revenue O-, B-dependent-there B-head-is O-n X-' X-t O-a O-lot O-here O-to O-base O-op X-##ti X-##mism O-on O-. O-"""
"""As a result of your ultimatum,"" writes the Wisconsin Democrat, ""I guess there is no longer any point in taking administration views into account on other items in conference, inasmuch regardless of their resolution you apparently intend to veto this bill.""","O-"" O-As O-a O-result O-of O-your O-ul X-##ti X-##mat X-##um O-, O-"" O-writes O-the O-Wisconsin O-Democrat O-, O-"" O-I O-guess B-dependent-there B-head-is O-no O-longer O-any O-point O-in O-taking O-administration O-views O-into O-account O-on O-other O-items O-in O-conference O-, O-in X-##as X-##mu X-##ch O-regardless O-of O-their O-resolution O-you O-apparently O-intend O-to O-veto O-this O-bill O-. O-"""
And there were Senate hearings on the questions in July 1972.,O-And B-dependent-there B-head-were O-Senate O-hearings O-on O-the O-questions O-in O-July O-1972 O-.
Traders are likely to oppose such restrictions because dual trading provides a way to make money in slower markets where there is a shortage of customer orders.,O-Trade X-##rs O-are O-likely O-to O-oppose O-such O-restrictions O-because O-dual O-trading O-provides O-a O-way O-to O-make O-money O-in O-slower O-markets O-where B-dependent-there B-head-is O-a O-shortage O-of O-customer O-orders O-.
"UAL's board could reject the new price as too low, especially since there aren't any competing bids.","O-U X-##AL O-' X-s O-board O-could O-reject O-the O-new O-price O-as O-too O-low O-, O-especially O-since B-dependent-there B-head-are O-n X-' X-t O-any O-competing O-bids O-."
"Earlier this year, bankers and other investors were willing to provide financing because they assumed there would be major gains in both profitability and sales, Mr. Rosenthal added.","O-Earlier O-this O-year O-, O-banker X-##s O-and O-other O-investors O-were O-willing O-to O-provide O-financing O-because O-they O-assumed B-dependent-there O-would B-head-be O-major O-gains O-in O-both O-profit X-##ability O-and O-sales O-, O-Mr X-. O-Rosen X-##thal O-added O-."
"""But when prices were crazy, it was even harder to do an LBO.","O-"" O-But O-when O-prices O-were O-crazy O-, B-dependent-it O-was O-even B-head-harder O-to O-do O-an O-L X-##BO O-."
"However, the lower prices these retail chains are now expected to bring should make it easier for managers to raise the necessary capital and pay back the resulting debt.","O-However O-, O-the O-lower O-prices O-these O-retail O-chains O-are O-now O-expected O-to O-bring O-should B-head-make B-dependent-it O-easier O-for O-managers O-to O-raise O-the O-necessary O-capital O-and O-pay O-back O-the O-resulting O-debt O-."
It isn't surprising that President Bush hasn't led a crusade to pump up the Contras or SDI.,B-dependent-It O-is O-n X-' X-t B-head-surprising O-that O-President O-Bush O-has O-n X-' X-t O-led O-a O-c X-##rus X-##ade O-to O-pump O-up O-the O-Con X-##tras O-or O-SD X-##I O-.
What's surprising is that there isn't more of a conservative outcry as the Bush administration lets the programs slip down the national-priority list.,O-What O-' X-s O-surprising O-is O-that B-dependent-there B-head-is O-n X-' X-t O-more O-of O-a O-conservative O-out X-##c X-##ry O-as O-the O-Bush O-administration O-lets O-the O-programs O-slip O-down O-the O-national O-- O-priority O-list O-.
"Most analysts think there's little prospect the Contras can be a significant fighting force without U.S. arms, and after the February election their future in any form will be murky at best.","O-Most O-analysts O-think B-dependent-there B-head-' X-s O-little O-prospect O-the O-Con X-##tras O-can O-be O-a O-significant O-fighting O-force O-without O-U X-. X-S X-. O-arms O-, O-and O-after O-the O-February O-election O-their O-future O-in O-any O-form O-will O-be O-m X-##ur X-##ky O-at O-best O-."
It will be hard down the road to persuade Congress to approve money for SDI plans if lawmakers fear those plans could scuttle a completed treaty.,B-dependent-It O-will O-be B-head-hard O-down O-the O-road O-to O-persuade O-Congress O-to O-approve O-money O-for O-SD X-##I O-plans O-if O-law X-##makers O-fear O-those O-plans O-could O-s X-##cut X-##tle O-a O-completed O-treaty O-.
"The penthouse elevator started up from the Gutfreund landing, and Susan Gutfreund used to turn off its light, to give the impression that there was no higher floor.","O-The O-pen X-##thouse O-elevator O-started O-up O-from O-the O-G X-##ut X-##f X-##re X-##und O-landing O-, O-and O-Susan O-G X-##ut X-##f X-##re X-##und O-used O-to O-turn O-off O-its O-light O-, O-to O-give O-the O-impression O-that B-dependent-there B-head-was O-no O-higher O-floor O-."
"It has been rightly observed that the main thing wrong with tainted money is, t'aint enough of it.","B-dependent-It O-has O-been O-right X-##ly B-head-observed O-that O-the O-main O-thing O-wrong O-with O-ta X-##inted O-money O-is O-, O-t X-' X-ain X-##t O-enough O-of O-it O-."
"It has always been true that those outside the club want to climb in, and that a few will cut corners in the process.","B-dependent-It O-has O-always O-been B-head-true O-that O-those O-outside O-the O-club O-want O-to O-climb O-in O-, O-and O-that O-a O-few O-will O-cut O-corners O-in O-the O-process O-."
"Mr. Darman's inclination to save the sequester was backed up yesterday by White House Press Secretary Marlin Fitzwater: ""There is some feeling here that the cuts are the way to go.","O-Mr X-. O-Dar X-##man O-' X-s O-inclination O-to O-save O-the O-se X-##quest X-##er O-was O-backed O-up O-yesterday O-by O-White O-House O-Press O-Secretary O-Mar X-##lin O-Fi X-##tz X-##water O-: O-"" B-dependent-There B-head-is O-some O-feeling O-here O-that O-the O-cuts O-are O-the O-way O-to O-go O-."
"The strike at five De Beers mines began last Thursday, with 9,500 out of a total 10,000 NUM members employed on De Beers mines participating, according to the union, while De Beers said there were 7,800 participants.","O-The O-strike O-at O-five O-De O-Beer X-##s O-mines O-began O-last O-Thursday O-, O-with O-9 X-, X-500 O-out O-of O-a O-total O-10 X-, X-000 O-N X-##UM O-members O-employed O-on O-De O-Beer X-##s O-mines O-participating O-, O-according O-to O-the O-union O-, O-while O-De O-Beer X-##s O-said B-dependent-there B-head-were O-7 X-, X-800 O-participants O-."
"In this scenario it's hard to imagine that a pale imitation of the Federal Republic could avoid being pulled into some kind of tie -- economic, federal or stronger -- with West Germany.","O-In O-this O-scenario B-dependent-it O-' X-s B-head-hard O-to O-imagine O-that O-a O-pale O-imitation O-of O-the O-Federal O-Republic O-could O-avoid O-being O-pulled O-into O-some O-kind O-of O-tie O-- X-- O-economic O-, O-federal O-or O-stronger O-- X-- O-with O-West O-Germany O-."
"There have been some reports that Mr. Krenz is moving to ""soften"" his reputation, notably rumors that it was he who kept East Germany's state police off protesters' backs at the country's dismal 40th anniversary celebrations earlier this month.","B-dependent-There O-have B-head-been O-some O-reports O-that O-Mr X-. O-K X-##ren X-##z O-is O-moving O-to O-"" O-soft X-##en O-"" O-his O-reputation O-, O-notably O-rumors O-that O-it O-was O-he O-who O-kept O-East O-Germany O-' X-s O-state O-police O-off O-protesters O-' O-backs O-at O-the O-country O-' X-s O-di X-##sma X-##l O-40th O-anniversary O-celebrations O-earlier O-this O-month O-."
There's a certain cruel logic at work here:,B-dependent-There B-head-' X-s O-a O-certain O-cruel O-logic O-at O-work O-here O-:
There may be forces that would delay this scenario.,B-dependent-There O-may B-head-be O-forces O-that O-would O-delay O-this O-scenario O-.
"But it would be ironic if Germany's reunification, just like its division, eventually were the result of actions in centers of power other than Bonn and Berlin.","O-But B-dependent-it O-would O-be B-head-ironic O-if O-Germany O-' X-s O-re X-##uni X-##fication O-, O-just O-like O-its O-division O-, O-eventually O-were O-the O-result O-of O-actions O-in O-centers O-of O-power O-other O-than O-Bonn O-and O-Berlin O-."
Amcore Financial Inc. said it agreed to acquire Central of Illinois Inc. in a stock swap.,O-Am X-##core O-Financial O-Inc X-. O-said B-dependent-it B-head-agreed O-to O-acquire O-Central O-of O-Illinois O-Inc X-. O-in O-a O-stock O-swap O-.
"On his FEMA visit, Mr. Bush said that he hoped there would be ""less carping"" about the emergency office's performance this time, adding that the agency ""took a hit"" for its reaction to Hurricane Hugo.","O-On O-his O-F X-##EM X-##A O-visit O-, O-Mr X-. O-Bush O-said O-that O-he O-hoped B-dependent-there O-would B-head-be O-"" O-less O-car X-##ping O-"" O-about O-the O-emergency O-office O-' X-s O-performance O-this O-time O-, O-adding O-that O-the O-agency O-"" O-took O-a O-hit O-"" O-for O-its O-reaction O-to O-Hurricane O-Hugo O-."
"Honeywell Inc. said it hopes to complete shortly the first of two sales of shares in its Japanese joint venture, Yamatake-Honeywell, for about $280 million.","O-Honey X-##well O-Inc X-. O-said B-dependent-it B-head-hopes O-to O-complete O-shortly O-the O-first O-of O-two O-sales O-of O-shares O-in O-its O-Japanese O-joint O-venture O-, O-Ya X-##mata X-##ke O-- O-Honey X-##well O-, O-for O-about O-$ O-280 O-million O-."
Honeywell previously said it intended to reduce its holding in the Japanese concern as part of a restructuring plan which also calls for a reduction of dependence on weapons sales.,O-Honey X-##well O-previously O-said B-dependent-it B-head-intended O-to O-reduce O-its O-holding O-in O-the O-Japanese O-concern O-as O-part O-of O-a O-restructuring O-plan O-which O-also O-calls O-for O-a O-reduction O-of O-dependence O-on O-weapons O-sales O-.
"It is expected that GE Capital Corp., a financial-services subsidiary of General Electric Co., will provide much of the funding for the proposed leveraged buy-out of Merksamer, based in Sacramento, Calif.","B-dependent-It O-is B-head-expected O-that O-GE O-Capital O-Corp X-. O-, O-a O-financial O-- O-services O-subsidiary O-of O-General O-Electric O-Co X-. O-, O-will O-provide O-much O-of O-the O-funding O-for O-the O-proposed O-leverage X-##d O-buy O-- O-out O-of O-Me X-##rks X-##ame X-##r O-, O-based O-in O-Sacramento O-, O-Cal X-##if O-."
"Today, there are 77 units, all located in shopping malls.","O-Today O-, B-dependent-there B-head-are O-77 O-units O-, O-all O-located O-in O-shopping O-mall X-##s O-."
"""For Ms., it's time to publish for the reader, not the advertiser.""","O-"" O-For O-Ms X-. O-, B-dependent-it O-' X-s B-head-time O-to O-publish O-for O-the O-reader O-, O-not O-the O-ad X-##vert X-##iser O-. O-"""
"There is plenty of work to be done on what we have.""","B-dependent-There B-head-is O-plenty O-of O-work O-to O-be O-done O-on O-what O-we O-have O-. O-"""
There is a huge divide between Mr. Allen's we're-all-in-this-together view and the divisive litigation approach of the civil rights groups.,B-dependent-There B-head-is O-a O-huge O-divide O-between O-Mr X-. O-Allen O-' X-s O-we O-' X-re O-- O-all O-- O-in O-- O-this O-- O-together O-view O-and O-the O-di X-##vis X-##ive O-litigation O-approach O-of O-the O-civil O-rights O-groups O-.
Helionetics Inc. said it agreed to team with a unit of Minneapolis-based Honeywell Inc. to provide power amplifiers for a new military sonar system being proposed by Honeywell.,O-He X-##lion X-##etics O-Inc X-. O-said B-dependent-it B-head-agreed O-to O-team O-with O-a O-unit O-of O-Minneapolis O-- O-based O-Honey X-##well O-Inc X-. O-to O-provide O-power O-amplifier X-##s O-for O-a O-new O-military O-son X-##ar O-system O-being O-proposed O-by O-Honey X-##well O-.
"While international politics may argue for the capital increase, there is a clear economic case against it.","O-While O-international O-politics O-may O-argue O-for O-the O-capital O-increase O-, B-dependent-there B-head-is O-a O-clear O-economic O-case O-against O-it O-."
Opponents show that there are already more funds available than commendable reform efforts.,O-Op X-##ponents O-show O-that B-dependent-there B-head-are O-already O-more O-funds O-available O-than O-com X-##men X-##da X-##ble O-reform O-efforts O-.
"If conservatives don't support an increase in the IMF's capital, then it is incumbent on them to speak up now and explain the alternative.","O-If O-conservative X-##s O-do O-n X-' X-t O-support O-an O-increase O-in O-the O-I X-##MF O-' X-s O-capital O-, O-then B-dependent-it O-is B-head-incumbent O-on O-them O-to O-speak O-up O-now O-and O-explain O-the O-alternative O-."
There were many more.,B-dependent-There B-head-were O-many O-more O-.
"Consider, for example, the greenhouse effect and climate change; numerous blue-ribbon scientific committees, including one from the National Academy of Science, judge there is a greater than 50% probability of a grave problem in the offing.","O-Consider O-, O-for O-example O-, O-the O-greenhouse O-effect O-and O-climate O-change O-; O-numerous O-blue O-- O-ribbon O-scientific O-committees O-, O-including O-one O-from O-the O-National O-Academy O-of O-Science O-, O-judge B-dependent-there B-head-is O-a O-greater O-than O-50 O-% O-probability O-of O-a O-grave O-problem O-in O-the O-off X-##ing O-."
"The problems of the environment are so interrelated, so inextricably entwined with our current way of life and so large that it is unlikely we will be able to address them effectively unless major changes are made in less than 10 years.","O-The O-problems O-of O-the O-environment O-are O-so O-inter X-##rel X-##ated O-, O-so O-in X-##ex X-##tric X-##ably O-en X-##twined O-with O-our O-current O-way O-of O-life O-and O-so O-large O-that B-dependent-it O-is B-head-unlikely O-we O-will O-be O-able O-to O-address O-them O-effectively O-unless O-major O-changes O-are O-made O-in O-less O-than O-10 O-years O-."
The consensus from the scientific community is that there is sufficient evidence to advise major policy changes.,O-The O-consensus O-from O-the O-scientific O-community O-is O-that B-dependent-there B-head-is O-sufficient O-evidence O-to O-advise O-major O-policy O-changes O-.
"""Reports from branches are that there has been greater interest in the last day or so,"" said Steven Braitman, a vice president at Chemical Bank in New York.","O-"" O-Reports O-from O-branches O-are O-that B-dependent-there O-has B-head-been O-greater O-interest O-in O-the O-last O-day O-or O-so O-, O-"" O-said O-Steven O-B X-##rai X-##tman O-, O-a O-vice O-president O-at O-Chemical O-Bank O-in O-New O-York O-."
"Harold Jones, Lincoln's chief retail banking officer, said there hasn't yet been ""a discernible response,"" although the ad included a coupon that could arrive later in the week.","O-Harold O-Jones O-, O-Lincoln O-' X-s O-chief O-retail O-banking O-officer O-, O-said B-dependent-there O-has O-n X-' X-t O-yet B-head-been O-"" O-a O-disc X-##ern X-##ible O-response O-, O-"" O-although O-the O-ad O-included O-a O-coup X-##on O-that O-could O-arrive O-later O-in O-the O-week O-."
"Crude prices spurted upward in brisk trading on the assumption that heavy earthquake damage occurred to San Francisco area refinery complexes, but the rise quickly fizzled when it became apparent that oil operations weren't severely curtailed.","O-C X-##rud X-##e O-prices O-spur X-##ted O-upward O-in O-br X-##isk O-trading O-on O-the O-assumption O-that O-heavy O-earthquake O-damage O-occurred O-to O-San O-Francisco O-area O-re X-##finery O-complexes O-, O-but O-the O-rise O-quickly O-fi X-##zzle X-##d O-when B-dependent-it B-head-became O-apparent O-that O-oil O-operations O-were O-n X-' X-t O-severely O-cu X-##rta X-##iled O-."
"""It's hard to imagine how the markets were speculating, given that nobody could get through to San Francisco,"" said one amazed oil company executive.","O-"" B-dependent-It O-' X-s B-head-hard O-to O-imagine O-how O-the O-markets O-were O-s X-##pec X-##ulating O-, O-given O-that O-nobody O-could O-get O-through O-to O-San O-Francisco O-, O-"" O-said O-one O-amazed O-oil O-company O-executive O-."
"""The problem is that while on the surface everything is all right, the question is,"" said Mr. Barakat, ""was there any structural damage to the pipelines or anything else.""","O-"" O-The O-problem O-is O-that O-while O-on O-the O-surface O-everything O-is O-all O-right O-, O-the O-question O-is O-, O-"" O-said O-Mr X-. O-Bar X-##aka X-##t O-, O-"" B-head-was B-dependent-there O-any O-structural O-damage O-to O-the O-pipeline X-##s O-or O-anything O-else O-. O-"""
"He added that, while there hasn't been any official announcement as yet, the Highland Valley mine strike in British Columbia, which has lasted more than three months, is regarded as settled.","O-He O-added O-that O-, O-while B-dependent-there O-has O-n X-' X-t B-head-been O-any O-official O-announcement O-as O-yet O-, O-the O-Highland O-Valley O-mine O-strike O-in O-British O-Columbia O-, O-which O-has O-lasted O-more O-than O-three O-months O-, O-is O-regarded O-as O-settled O-."
"""There are still negotiations taking place on whether there will be a loss of jobs, which has been a critical issue all along,"" he said.","O-"" B-dependent-There B-head-are O-still O-negotiations O-taking O-place O-on O-whether O-there O-will O-be O-a O-loss O-of O-jobs O-, O-which O-has O-been O-a O-critical O-issue O-all O-along O-, O-"" O-he O-said O-."
"""There are still negotiations taking place on whether there will be a loss of jobs, which has been a critical issue all along,"" he said.","O-"" O-There O-are O-still O-negotiations O-taking O-place O-on O-whether B-dependent-there O-will B-head-be O-a O-loss O-of O-jobs O-, O-which O-has O-been O-a O-critical O-issue O-all O-along O-, O-"" O-he O-said O-."
"""Now that the supply situation seems to be improving, it would be best for traders to switch their concentration to the demand side.""","O-"" O-Now O-that O-the O-supply O-situation O-seems O-to O-be O-improving O-, B-dependent-it O-would O-be B-head-best O-for O-traders O-to O-switch O-their O-concentration O-to O-the O-demand O-side O-. O-"""
"Given Democratic frustration with the Reagan victories and Court appointments, the contingency plans in place, and Mr. Bork's paper trail of vulnerable writings, it was pretty clear that Judge Bork never stood much chance of being confirmed.","O-Given O-Democratic O-frustration O-with O-the O-Reagan O-victories O-and O-Court O-appointments O-, O-the O-con X-##ting X-##ency O-plans O-in O-place O-, O-and O-Mr X-. O-Bo X-##rk O-' X-s O-paper O-trail O-of O-vulnerable O-writings O-, B-dependent-it O-was O-pretty B-head-clear O-that O-Judge O-Bo X-##rk O-never O-stood O-much O-chance O-of O-being O-confirmed O-."
"But it was Ted Kennedy who scored most effectively with his searing portrayal of ""Robert Bork's America"" -- the parade of imaginary horribles that would follow logically, he claimed, from the positions Mr. Bork had taken over the space of two decades.","O-But B-dependent-it O-was B-head-Ted O-Kennedy O-who O-scored O-most O-effectively O-with O-his O-sea X-##ring O-portrayal O-of O-"" O-Robert O-Bo X-##rk O-' X-s O-America O-"" O-- X-- O-the O-parade O-of O-imaginary O-horrible X-##s O-that O-would O-follow O-logical X-##ly O-, O-he O-claimed O-, O-from O-the O-positions O-Mr X-. O-Bo X-##rk O-had O-taken O-over O-the O-space O-of O-two O-decades O-."
"He would discover it also in Alexander Bickel, a subtle constitutional scholar, Mr. Bork's closest friend at Yale, whose influence on the judge goes well beyond Mr. Bronner's reporting.","O-He O-would B-head-discover B-dependent-it O-also O-in O-Alexander O-B X-##ick X-##el O-, O-a O-subtle O-constitutional O-scholar O-, O-Mr X-. O-Bo X-##rk O-' X-s O-closest O-friend O-at O-Yale O-, O-whose O-influence O-on O-the O-judge O-goes O-well O-beyond O-Mr X-. O-B X-##ron X-##ner O-' X-s O-reporting O-."
"""Two years ago, there was a lot of redemption activity and trouble with people getting through on the phone,"" said Kathryn McGrath, head of the investment management division of the Securities and Exchange Commission.","O-"" O-Two O-years O-ago O-, B-dependent-there B-head-was O-a O-lot O-of O-red X-##emption O-activity O-and O-trouble O-with O-people O-getting O-through O-on O-the O-phone O-, O-"" O-said O-Kathryn O-McGrath O-, O-head O-of O-the O-investment O-management O-division O-of O-the O-Securities O-and O-Exchange O-Commission O-."
"""It's a nice feeling to know that things stabilized,"" said Mr. Sherman, the 51-year-old co-owner of a discount department store.","O-"" B-dependent-It O-' X-s O-a O-nice B-head-feeling O-to O-know O-that O-things O-stab X-##ilized O-, O-"" O-said O-Mr X-. O-Sherman O-, O-the O-51 O-- O-year O-- O-old O-co X-- X-owner O-of O-a O-discount O-department O-store O-."
Few analysts think it is worth their time to slog through the Polaroid trial testimony.,O-Few O-analysts O-think B-dependent-it O-is B-head-worth O-their O-time O-to O-s X-##log O-through O-the O-Polar X-##oid O-trial O-testimony O-.
"It's difficult to be that consistently wrong.""","B-dependent-It O-' X-s B-head-difficult O-to O-be O-that O-consistently O-wrong O-. O-"""
"""There's nothing that says that people at Harvard Business school have to agree with each other,"" said Mr. Buzzell.","O-"" B-dependent-There B-head-' X-s O-nothing O-that O-says O-that O-people O-at O-Harvard O-Business O-school O-have O-to O-agree O-with O-each O-other O-, O-"" O-said O-Mr X-. O-Buzz X-##ell O-."
"The TVA bonds also ""served to remind the market that there will be even more new supply,"" said Lawrence N. Leuzzi, a managing director at S.G. Warburg Securities & Co.","O-The O-TV X-##A O-bonds O-also O-"" O-served O-to O-remind O-the O-market O-that B-dependent-there O-will B-head-be O-even O-more O-new O-supply O-, O-"" O-said O-Lawrence O-N X-. O-Le X-##uz X-##zi O-, O-a O-managing O-director O-at O-S X-. X-G X-. O-War X-##burg O-Securities O-& O-Co O-."
Dealers noted that it's difficult to structure new Remics when prices are moving widely.,O-Deal X-##ers O-noted O-that B-dependent-it O-' X-s B-head-difficult O-to O-structure O-new O-Re X-##mic X-##s O-when O-prices O-are O-moving O-widely O-.
They said it was reasonable to expect a rash of selling and to lower prices in anticipation of it.,O-They O-said B-dependent-it O-was B-head-reasonable O-to O-expect O-a O-r X-##ash O-of O-selling O-and O-to O-lower O-prices O-in O-anticipation O-of O-it O-.
"There was some favorable takeover news, in stark contrast to Friday, when nervousness about the future of leveraged buy-outs hurt takeover-related issues.","B-dependent-There B-head-was O-some O-favorable O-takeover O-news O-, O-in O-stark O-contrast O-to O-Friday O-, O-when O-nervous X-##ness O-about O-the O-future O-of O-leverage X-##d O-buy O-- O-outs O-hurt O-takeover O-- O-related O-issues O-."
National Pizza said it signed a definitive agreement to acquire Skipper's for $11.50 a share.,O-National O-Pizza O-said B-dependent-it B-head-signed O-a O-definitive O-agreement O-to O-acquire O-Ski X-##pper O-' X-s O-for O-$ O-11 X-. X-50 O-a O-share O-.
"The stock rose after Grayhound said it agreed to enter into a five-year joint venture with Lermer Corp., a maker of airline-interior equipment.","O-The O-stock O-rose O-after O-Gray X-##hound O-said B-dependent-it B-head-agreed O-to O-enter O-into O-a O-five O-- O-year O-joint O-venture O-with O-Le X-##rm X-##er O-Corp X-. O-, O-a O-maker O-of O-airline O-- O-interior O-equipment O-."
"Eastern ultimately decided it would have to keep and operate the routes itself, which would leave it with less cash for its reorganization.","O-Eastern O-ultimately O-decided B-dependent-it O-would B-head-have O-to O-keep O-and O-operate O-the O-routes O-itself O-, O-which O-would O-leave O-it O-with O-less O-cash O-for O-its O-reorganization O-."
"However, he added, ""it's not a requirement that the plan be accepted by creditors.","O-However O-, O-he O-added O-, O-"" B-dependent-it O-' X-s O-not O-a B-head-requirement O-that O-the O-plan O-be O-accepted O-by O-creditors O-."
"The company said it expects to pay the first dividend, of 12.5 cents a share, in the 1990 first quarter.","O-The O-company O-said B-dependent-it B-head-expects O-to O-pay O-the O-first O-divide X-##nd O-, O-of O-12 X-. X-5 O-cents O-a O-share O-, O-in O-the O-1990 O-first O-quarter O-."
The bank also said it expects to report a $1.42 billion loss for the third quarter and a loss for the full year.,O-The O-bank O-also O-said B-dependent-it B-head-expects O-to O-report O-a O-$ O-1 X-. X-42 O-billion O-loss O-for O-the O-third O-quarter O-and O-a O-loss O-for O-the O-full O-year O-.
"""There's nothing in here that's horrible and nothing to make you think they're setting the world on fire,"" said Carole Berger, analyst for C.J.","O-"" B-dependent-There B-head-' X-s O-nothing O-in O-here O-that O-' X-s O-horrible O-and O-nothing O-to O-make O-you O-think O-they O-' X-re O-setting O-the O-world O-on O-fire O-, O-"" O-said O-Carole O-Berger O-, O-analyst O-for O-C X-. X-J O-."
"""Now, I feel maybe there's a little bit of euphoria.""","O-"" O-Now O-, O-I O-feel O-maybe B-dependent-there B-head-' X-s O-a O-little O-bit O-of O-e X-##up X-##hor X-##ia O-. O-"""
"Mark Bachmann, a senior vice president at Standard & Poor's Corp., confirms that there is ""increasing concern about the future liquidity of the junk bond market.""","O-Mark O-Bach X-##mann O-, O-a O-senior O-vice O-president O-at O-Standard O-& O-Poor O-' X-s O-Corp X-. O-, O-confirms O-that B-dependent-there B-head-is O-"" O-increasing O-concern O-about O-the O-future O-liquid X-##ity O-of O-the O-junk O-bond O-market O-. O-"""
"""Junk bonds are a highly stratified market,"" said Lewis Glucksman, vice chairman of Smith Barney, Harris Upham & Co. ""There's a whole bunch of stuff that's money good and a whole bunch of stuff that's not so good.""","O-"" O-Jun X-##k O-bonds O-are O-a O-highly O-s X-##tra X-##ti X-##fied O-market O-, O-"" O-said O-Lewis O-G X-##luck X-##sman O-, O-vice O-chairman O-of O-Smith O-Barney O-, O-Harris O-Up X-##ham O-& O-Co O-. O-"" B-dependent-There B-head-' X-s O-a O-whole O-bunch O-of O-stuff O-that O-' X-s O-money O-good O-and O-a O-whole O-bunch O-of O-stuff O-that O-' X-s O-not O-so O-good O-. O-"""
"""It's possible to have a 10% default rate in one year, because we're already seeing big problems in the midst of a pretty strong economy.","O-"" B-dependent-It O-' X-s B-head-possible O-to O-have O-a O-10 O-% O-default O-rate O-in O-one O-year O-, O-because O-we O-' X-re O-already O-seeing O-big O-problems O-in O-the O-midst O-of O-a O-pretty O-strong O-economy O-."
"Despite the losses, there haven't been any reports of arbitrage or brokerage firms that have encountered serious financial difficulties.","O-Despite O-the O-losses O-, B-dependent-there O-have O-n X-' X-t B-head-been O-any O-reports O-of O-a X-##rb X-##it X-##rage O-or O-broker X-##age O-firms O-that O-have O-encountered O-serious O-financial O-difficulties O-."
"There was no other speaker apart from the Soviet leader, and those attacked weren't given the opportunity to defend themselves.","B-dependent-There B-head-was O-no O-other O-speaker O-apart O-from O-the O-Soviet O-leader O-, O-and O-those O-attacked O-were O-n X-' X-t O-given O-the O-opportunity O-to O-defend O-themselves O-."
"Although it would be costly to shoot multiple versions, TV programmers could let audiences vote on different endings for a movie.","O-Although B-dependent-it O-would O-be B-head-costly O-to O-shoot O-multiple O-versions O-, O-TV O-programmer X-##s O-could O-let O-audiences O-vote O-on O-different O-endings O-for O-a O-movie O-."
Bradley has it in his mind that such a tax cut would unravel the tax reform he helped engineer in 1986.,O-Bradley B-head-has B-dependent-it O-in O-his O-mind O-that O-such O-a O-tax O-cut O-would O-un X-##rave X-##l O-the O-tax O-reform O-he O-helped O-engineer O-in O-1986 O-.
Why should it be so surprising that a 30% cut in the capital-gains tax would have such an enormous impact on the value of the nation's capital stock?,O-Why O-should B-dependent-it O-be O-so B-head-surprising O-that O-a O-30 O-% O-cut O-in O-the O-capital O-- O-gains O-tax O-would O-have O-such O-an O-enormous O-impact O-on O-the O-value O-of O-the O-nation O-' X-s O-capital O-stock O-?
"Isn't it reasonable to assume that the asset you own would be worth more if the government suddenly announced that if you sold it, you would be able to keep 30% more of its gain than you previously believed?","O-Is O-n X-' X-t B-dependent-it B-head-reasonable O-to O-assume O-that O-the O-asset O-you O-own O-would O-be O-worth O-more O-if O-the O-government O-suddenly O-announced O-that O-if O-you O-sold O-it O-, O-you O-would O-be O-able O-to O-keep O-30 O-% O-more O-of O-its O-gain O-than O-you O-previously O-believed O-?"
"In this atmosphere, there would be no serious consideration of tax increases.","O-In O-this O-atmosphere O-, B-dependent-there O-would O-be O-no O-serious B-head-consideration O-of O-tax O-increases O-."
"""If you don't need the money for 10 years, there's a clear-cut case for sticking to a steady core of stocks,"" Mr. Gregory says.","O-"" O-If O-you O-do O-n X-' X-t O-need O-the O-money O-for O-10 O-years O-, B-dependent-there B-head-' X-s O-a O-clear O-- O-cut O-case O-for O-sticking O-to O-a O-steady O-core O-of O-stocks O-, O-"" O-Mr X-. O-Gregory O-says O-."
There are some important caveats:,B-dependent-There B-head-are O-some O-important O-cave X-##ats O-:
"""It's very difficult to do,"" says Donald Holt, a market strategist for Wedbush Morgan Securities, a Los Angeles brokerage firm.","O-"" B-dependent-It O-' X-s O-very B-head-difficult O-to O-do O-, O-"" O-says O-Donald O-Holt O-, O-a O-market O-s X-##trate X-##gis X-##t O-for O-We X-##d X-##bush O-Morgan O-Securities O-, O-a O-Los O-Angeles O-broker X-##age O-firm O-."
"""Our markets move so fast and they are so volatile, there's no way the average investor can compete with the pros.""","O-"" O-Our O-markets O-move O-so O-fast O-and O-they O-are O-so O-volatile O-, B-dependent-there B-head-' X-s O-no O-way O-the O-average O-investor O-can O-compete O-with O-the O-pro X-##s O-. O-"""
"They say that's especially important this late in the growth phase of the economic cycle, when there's no robust bull market to bail investors out of their mistakes.","O-They O-say O-that O-' X-s O-especially O-important O-this O-late O-in O-the O-growth O-phase O-of O-the O-economic O-cycle O-, O-when B-dependent-there B-head-' X-s O-no O-robust O-bull O-market O-to O-bail O-investors O-out O-of O-their O-mistakes O-."
Most lawmakers think it will be extremely difficult for Mr. Bush's opponents on the abortion issue to round up the votes needed to override the veto.,O-Most O-law X-##makers O-think B-dependent-it O-will O-be O-extremely B-head-difficult O-for O-Mr X-. O-Bush O-' X-s O-opponents O-on O-the O-abortion O-issue O-to O-round O-up O-the O-votes O-needed O-to O-over X-##ride O-the O-veto O-.
But there still may be prolonged debate and political maneuvering that holds up the $156.7 billion funding bill for the fiscal year that began Oct.,O-But B-dependent-there O-still O-may B-head-be O-prolonged O-debate O-and O-political O-maneuver X-##ing O-that O-holds O-up O-the O-$ O-156 X-. X-7 O-billion O-funding O-bill O-for O-the O-fiscal O-year O-that O-began O-Oct X-.
There was no cost estimate for the second phase.,B-dependent-There B-head-was O-no O-cost O-estimate O-for O-the O-second O-phase O-.
The Bush administration has said it will try to resurrect its plan when the House Energy and Commerce Committee takes up a comprehensive clean-air bill.,O-The O-Bush O-administration O-has O-said B-dependent-it O-will B-head-try O-to O-re X-##su X-##rre X-##ct O-its O-plan O-when O-the O-House O-Energy O-and O-Commerce O-Committee O-takes O-up O-a O-comprehensive O-clean O-- O-air O-bill O-.
"""It's very important that we exude confidence, even though within the family we know there's a lot of hard work ahead,"" said Richard Miller, the Lowell, Mass., computer concern's new president, in a video message to salespeople a month after he took over.","O-"" B-dependent-It O-' X-s O-very B-head-important O-that O-we O-ex X-##ude O-confidence O-, O-even O-though O-within O-the O-family O-we O-know O-there O-' X-s O-a O-lot O-of O-hard O-work O-ahead O-, O-"" O-said O-Richard O-Miller O-, O-the O-Lowell O-, O-Mass X-. O-, O-computer O-concern O-' X-s O-new O-president O-, O-in O-a O-video O-message O-to O-sales X-##people O-a O-month O-after O-he O-took O-over O-."
"""It's very important that we exude confidence, even though within the family we know there's a lot of hard work ahead,"" said Richard Miller, the Lowell, Mass., computer concern's new president, in a video message to salespeople a month after he took over.","O-"" O-It O-' X-s O-very O-important O-that O-we O-ex X-##ude O-confidence O-, O-even O-though O-within O-the O-family O-we O-know B-dependent-there B-head-' X-s O-a O-lot O-of O-hard O-work O-ahead O-, O-"" O-said O-Richard O-Miller O-, O-the O-Lowell O-, O-Mass X-. O-, O-computer O-concern O-' X-s O-new O-president O-, O-in O-a O-video O-message O-to O-sales X-##people O-a O-month O-after O-he O-took O-over O-."
"""When a company realizes that, it's hard to go with Wang.""","O-"" O-When O-a O-company O-realizes O-that O-, B-dependent-it O-' X-s B-head-hard O-to O-go O-with O-Wang O-. O-"""
It can be hard for a salesperson to fight off feelings of discouragement.,B-dependent-It O-can O-be B-head-hard O-for O-a O-sales X-##person O-to O-fight O-off O-feelings O-of O-disco X-##urage X-##ment O-.
"It is inhumane to imply that a poor, unemployed woman cannot receive immediate relief for her family at fair prices because she does not have as much to protect as a rich family.","B-dependent-It O-is B-head-in X-##human X-##e O-to O-imply O-that O-a O-poor O-, O-unemployed O-woman O-cannot O-receive O-immediate O-relief O-for O-her O-family O-at O-fair O-prices O-because O-she O-does O-not O-have O-as O-much O-to O-protect O-as O-a O-rich O-family O-."
"As part of the agreement with the state, the developers -- a partnership of Park Tower Realty and Prudential Insurance Co. of America -- said they would not proceed with condemnation proceedings while there was ""significant litigation"" pending.","O-As O-part O-of O-the O-agreement O-with O-the O-state O-, O-the O-developers O-- X-- O-a O-partnership O-of O-Park O-Tower O-Real X-##ty O-and O-P X-##rud X-##ential O-Insurance O-Co X-. O-of O-America O-- X-- O-said O-they O-would O-not O-proceed O-with O-con X-##de X-##m X-##nation O-proceedings O-while B-dependent-there B-head-was O-"" O-significant O-litigation O-"" O-pending O-."
"""Up until now the courts have said it is not their role to supervise the foreign country's courts,"" said Jacques Semmelman, the assistant U.S. attorney on the case.","O-"" O-Up O-until O-now O-the O-courts O-have O-said B-dependent-it O-is O-not O-their B-head-role O-to O-super X-##vise O-the O-foreign O-country O-' X-s O-courts O-, O-"" O-said O-Jacques O-Se X-##mme X-##lman O-, O-the O-assistant O-U X-. X-S X-. O-attorney O-on O-the O-case O-."
"In an era of `sound bites' and instant opinion polls it is dangerous to apply broad labels to a single term.""","O-In O-an O-era O-of O-` X-sound O-bites O-' O-and O-instant O-opinion O-polls B-dependent-it O-is B-head-dangerous O-to O-apply O-broad O-labels O-to O-a O-single O-term O-. O-"""
Mr. Fenton says it was not the intent of the NRDC to have school systems ban apples.,O-Mr X-. O-Fen X-##ton O-says B-dependent-it O-was O-not O-the B-head-intent O-of O-the O-N X-##RD X-##C O-to O-have O-school O-systems O-ban O-apples O-.
