"""It's a good indication that level of profitability has peaked for the industry,"" says Vahid Fathi, metals analyst with Prescott, Ball & Turben Inc., who had estimated Reynolds would earn about $2.35 a share.","O-"" O-It O-' X-s O-a O-good B-head-indication O-that O-level O-of O-profit X-##ability O-has B-dependent-peaked O-for O-the O-industry O-, O-"" O-says O-V X-##ahi X-##d O-Fat X-##hi O-, O-metals O-analyst O-with O-Prescott O-, O-Ball O-& O-Tu X-##rb X-##en O-Inc X-. O-, O-who O-had O-estimated O-Reynolds O-would O-earn O-about O-$ O-2 X-. X-35 O-a O-share O-."
"Massage advocates say that kneading the head, shoulders, neck and back can go a long way toward easing tension and improving morale.","O-Mass X-##age O-advocates O-say O-that B-dependent-kn X-##ead X-##ing O-the O-head O-, O-shoulders O-, O-neck O-and O-back O-can B-head-go O-a O-long O-way O-toward O-e X-##asing O-tension O-and O-improving O-morale O-."
"Sitting in one of Mr. Palmer's chairs, which cost $425 and have since been copied by others, is a bit like straddling a recliner.","B-dependent-Sitting O-in O-one O-of O-Mr X-. O-Palmer O-' X-s O-chairs O-, O-which O-cost O-$ O-425 O-and O-have O-since O-been O-copied O-by O-others O-, O-is O-a O-bit O-like B-head-s X-##tra X-##ddling O-a O-re X-##cline X-##r O-."
Integrated didn't identify the party or say why the talks failed.,B-dependent-Integrated O-did O-n X-' X-t B-head-identify O-the O-party O-or O-say O-why O-the O-talks O-failed O-.
"Integrated said that it would continue to pursue ""other alternatives"" to sell the five core companies and that a group of senior executives plans to make a proposal to purchase three of the companies -- Integrated Resources Equity Corp., Resources Trust Co. and Integrated Resources Asset Management Corp.","B-dependent-Integrated B-head-said O-that O-it O-would O-continue O-to O-pursue O-"" O-other O-alternatives O-"" O-to O-sell O-the O-five O-core O-companies O-and O-that O-a O-group O-of O-senior O-executives O-plans O-to O-make O-a O-proposal O-to O-purchase O-three O-of O-the O-companies O-- X-- O-Integrated O-Resources O-Equity O-Corp X-. O-, O-Resources O-Trust O-Co X-. O-and O-Integrated O-Resources O-As X-##set O-Management O-Corp O-."
Integrated also said it expects to report a second-quarter loss wider than the earlier estimate of about $600 million.,B-dependent-Integrated O-also B-head-said O-it O-expects O-to O-report O-a O-second O-- O-quarter O-loss O-wider O-than O-the O-earlier O-estimate O-of O-about O-$ O-600 O-million O-.
"Integrated has been struggling to avoid a bankruptcy-law filing since June, when it failed to make interest payments on nearly $1 billion of debt.","B-dependent-Integrated O-has O-been B-head-struggling O-to O-avoid O-a O-bankruptcy O-- O-law O-filing O-since O-June O-, O-when O-it O-failed O-to O-make O-interest O-payments O-on O-nearly O-$ O-1 O-billion O-of O-debt O-."
Control Data said it expects its first RISC-based mainframe machine to be introduced next year.,O-Control O-Data O-said O-it B-head-expects O-its O-first O-R X-##IS X-##C O-- O-based O-main X-##frame O-machine O-to O-be B-dependent-introduced O-next O-year O-.
Universal says that it wanted all its creators to share in the television venture and Belo wouldn't promote features appearing in its competition.,O-Universal O-says O-that O-it B-head-wanted O-all O-its O-creators O-to B-dependent-share O-in O-the O-television O-venture O-and O-Bel X-##o O-would O-n X-' X-t O-promote O-features O-appearing O-in O-its O-competition O-.
"StatesWest Airlines said it submitted an offer to the directors of Mesa Airlines to acquire the Farmington, N.M., carrier.","O-States X-##W X-##est O-Airlines O-said O-it B-head-submitted O-an O-offer O-to O-the O-directors O-of O-Mesa O-Airlines O-to B-dependent-acquire O-the O-Farm X-##ington O-, O-N X-. X-M X-. O-, O-carrier O-."
"It was the first time in seven years that Moscow hasn't joined efforts, led by Moslem nations, to expel Israel from the world body, and was viewed as a sign of improving Soviet-Israeli ties.","O-It O-was O-the O-first B-head-time O-in O-seven O-years O-that O-Moscow O-has O-n X-' X-t B-dependent-joined O-efforts O-, O-led O-by O-Mo X-##sle X-##m O-nations O-, O-to O-ex X-##pel O-Israel O-from O-the O-world O-body O-, O-and O-was O-viewed O-as O-a O-sign O-of O-improving O-Soviet O-- O-Israeli O-ties O-."
"The arms-kickback scandal is likely to be one of the big talking points in the campaign, but it's unclear how it is viewed by average Indian voters.","O-The O-arms O-- O-kick X-##back O-scandal O-is O-likely O-to O-be O-one O-of O-the O-big O-talking O-points O-in O-the O-campaign O-, O-but O-it O-' X-s B-head-unclear O-how O-it O-is B-dependent-viewed O-by O-average O-Indian O-voters O-."
"It is easy to fight when you don't have any other option.""","O-It O-is B-head-easy O-to B-dependent-fight O-when O-you O-do O-n X-' X-t O-have O-any O-other O-option O-. O-"""
"Luis Carlos, knowing that helping the Americans could advance the career of any Panamanian officer, relayed Tony's reports on the leftist tendencies he observed among his fellow students and, more important, among his officers and instructors.","O-Luis O-Carlos O-, O-knowing O-that B-dependent-helping O-the O-Americans O-could O-advance O-the O-career O-of O-any O-Panama X-##nian O-officer O-, B-head-relay X-##ed O-Tony O-' X-s O-reports O-on O-the O-left X-##ist O-tendencies O-he O-observed O-among O-his O-fellow O-students O-and O-, O-more O-important O-, O-among O-his O-officers O-and O-instructors O-."
Satisfying its interests was a priority for any Panamanian leader.,B-dependent-Sa X-##tis X-##fying O-its O-interests O-was O-a B-head-priority O-for O-any O-Panama X-##nian O-leader O-.
"Dade County and federal authorities, learning that he intended to fly through Miami, made plans to arrest him on the gun-running charges as soon as he hit U.S. soil.","O-Dad X-##e O-County O-and O-federal O-authorities O-, B-dependent-learning O-that O-he O-intended O-to O-fly O-through O-Miami O-, B-head-made O-plans O-to O-arrest O-him O-on O-the O-gun X-- X-running O-charges O-as O-soon O-as O-he O-hit O-U X-. X-S X-. O-soil O-."
"It wouldn't be a good idea to indict him -- much less Mr. Noriega, the prosecutor was told.","O-It O-would O-n X-' X-t O-be O-a O-good B-head-idea O-to B-dependent-in X-##dict O-him O-- X-- O-much O-less O-Mr X-. O-Nor X-##ie X-##ga O-, O-the O-prosecutor O-was O-told O-."
"Although, his help for the Contra cause was limited, it was enough to win him important protectors in the Reagan administration, says Sen.","O-Although O-, O-his O-help O-for O-the O-Con X-##tra O-cause O-was O-limited O-, O-it O-was B-head-enough O-to B-dependent-win O-him O-important O-protector X-##s O-in O-the O-Reagan O-administration O-, O-says O-Sen X-."
"Operating profit at Colgate's U.S. household products and personal-care businesses jumped 25% in the quarter, Mr. Mark added.","B-dependent-Operating O-profit O-at O-Col X-##gate O-' X-s O-U X-. X-S X-. O-household O-products O-and O-personal O-- O-care O-businesses B-head-jumped O-25 O-% O-in O-the O-quarter O-, O-Mr X-. O-Mark O-added O-."
"""Improving profitability of U.S. operations is an extremely high priority in the company.""","O-"" B-dependent-I X-##mp X-##roving O-profit X-##ability O-of O-U X-. X-S X-. O-operations O-is O-an O-extremely O-high B-head-priority O-in O-the O-company O-. O-"""
"""It would now be physically impossible to begin deliveries in 1992,"" a Hydro-Quebec official said.","O-"" O-It O-would O-now O-be O-physically B-head-impossible O-to B-dependent-begin O-deliver X-##ies O-in O-1992 O-, O-"" O-a O-H X-##ydro O-- O-Quebec O-official O-said O-."
"Central Maine said it is evaluating ""many energy options"" to make up for the lost future power, including new energy generation and management proposals from New England, and possibly new Canadian purchases.","O-Central O-Maine O-said O-it O-is B-head-evaluating O-"" O-many O-energy O-options O-"" O-to B-dependent-make O-up O-for O-the O-lost O-future O-power O-, O-including O-new O-energy O-generation O-and O-management O-proposals O-from O-New O-England O-, O-and O-possibly O-new O-Canadian O-purchases O-."
"""I never agreed to it,"" Mr. Alexander says, adding that ""it's not necessary to pay these nuisance settlements.""","O-"" O-I O-never O-agreed O-to O-it O-, O-"" O-Mr X-. O-Alexander O-says O-, O-adding O-that O-"" O-it O-' X-s O-not B-head-necessary O-to B-dependent-pay O-these O-n X-##ui X-##sance O-settlements O-. O-"""
"Amending a 1988 return to claim a refund brings cash faster; but for personal losses, there are other factors to consider, notes publisher Prentice Hall.","B-dependent-Am X-##ending O-a O-1988 O-return O-to O-claim O-a O-re X-##fu X-##nd B-head-brings O-cash O-faster O-; O-but O-for O-personal O-losses O-, O-there O-are O-other O-factors O-to O-consider O-, O-notes O-publisher O-Prentice O-Hall O-."
"""It is important to the cable industry that we have a vibrant and competitive pay-television marketplace,"" Mr. Malone said in a statement.","O-"" O-It O-is B-head-important O-to O-the O-cable O-industry O-that O-we B-dependent-have O-a O-vibrant O-and O-competitive O-pay O-- O-television O-marketplace O-, O-"" O-Mr X-. O-Malone O-said O-in O-a O-statement O-."
Linking up Showtime with the largest cable operator in the U.S. could sharply boost its subscribers.,B-dependent-Link X-##ing O-up O-Showtime O-with O-the O-largest O-cable O-operator O-in O-the O-U X-. X-S X-. O-could O-sharply B-head-boost O-its O-subscribers O-.
Hudson's researchers estimated that it would cost less than $650 million a year to test the entire population between the ages of 12 and 65 years old.,O-Hudson O-' X-s O-researchers O-estimated O-that O-it O-would B-head-cost O-less O-than O-$ O-650 O-million O-a O-year O-to B-dependent-test O-the O-entire O-population O-between O-the O-ages O-of O-12 O-and O-65 O-years O-old O-.
"Oncor Inc., Gaithersburg, Md., said it received approval from the U.S. Food and Drug Administration to market a genetic test that will assist in diagnosis and treatment of leukemia and lymph cancer.","O-On X-##cor O-Inc X-. O-, O-G X-##ait X-##hers X-##burg O-, O-M X-##d X-. O-, O-said O-it B-head-received O-approval O-from O-the O-U X-. X-S X-. O-Food O-and O-Drug O-Administration O-to B-dependent-market O-a O-genetic O-test O-that O-will O-assist O-in O-diagnosis O-and O-treatment O-of O-le X-##uke X-##mia O-and O-l X-##ymph O-cancer O-."
"However, the officials said it was too early to disclose the nature of the proposed projects or indicate when the talks might be concluded.","O-However O-, O-the O-officials O-said O-it O-was O-too B-head-early O-to B-dependent-disc X-##lose O-the O-nature O-of O-the O-proposed O-projects O-or O-indicate O-when O-the O-talks O-might O-be O-concluded O-."
"Some analysts note that after last week's stock market tailspin and Tuesday's California earthquake, it's hard to gauge where the central bank wants the key federal funds rate.","O-Some O-analysts O-note O-that O-after O-last O-week O-' X-s O-stock O-market O-tails X-##pin O-and O-Tuesday O-' X-s O-California O-earthquake O-, O-it O-' X-s B-head-hard O-to B-dependent-gauge O-where O-the O-central O-bank O-wants O-the O-key O-federal O-funds O-rate O-."
"But it's hard to squeeze much profit out of the personal-computer business these days, and the workstation market, while important, is too small to rely on for much growth.","O-But O-it O-' X-s B-head-hard O-to B-dependent-squeeze O-much O-profit O-out O-of O-the O-personal O-- O-computer O-business O-these O-days O-, O-and O-the O-works X-##tation O-market O-, O-while O-important O-, O-is O-too O-small O-to O-rely O-on O-for O-much O-growth O-."
Making matters worse was the fact that late Friday afternoon the CBOE halted stock-index options trading in step with the Chicago Mercantile Exchange's halt in stock-index futures.,B-dependent-Making O-matters O-worse O-was O-the B-head-fact O-that O-late O-Friday O-afternoon O-the O-CB X-##OE O-halted O-stock O-- O-index O-options O-trading O-in O-step O-with O-the O-Chicago O-Me X-##rca X-##nti X-##le O-Exchange O-' X-s O-halt O-in O-stock O-- O-index O-future X-##s O-.
Making matters worse was the fact that late Friday afternoon the CBOE halted stock-index options trading in step with the Chicago Mercantile Exchange's halt in stock-index futures.,O-Making O-matters O-worse O-was O-the B-head-fact O-that O-late O-Friday O-afternoon O-the O-CB X-##OE B-dependent-halted O-stock O-- O-index O-options O-trading O-in O-step O-with O-the O-Chicago O-Me X-##rca X-##nti X-##le O-Exchange O-' X-s O-halt O-in O-stock O-- O-index O-future X-##s O-.
"""It was great to have the luxury of time,"" Mr. Rawls said.","O-"" O-It O-was B-head-great O-to B-dependent-have O-the O-luxury O-of O-time O-, O-"" O-Mr X-. O-Raw X-##ls O-said O-."
"Given the seismic history of the Bay Area, ""it seems to me that a 6.9 earthquake is a foreseeable event.""","O-Given O-the O-se X-##ismic O-history O-of O-the O-Bay O-Area O-, O-"" O-it B-head-seems O-to O-me O-that O-a O-6 X-. X-9 O-earthquake O-is O-a O-fore X-##see X-##able B-dependent-event O-. O-"""
"Collectors who have made their money on Wall Street have become an increasingly important part of the art business and their money has helped fuel the art boom, but recently it appears Sotheby's has been returning the compliment.","O-Collector X-##s O-who O-have O-made O-their O-money O-on O-Wall O-Street O-have O-become O-an O-increasingly O-important O-part O-of O-the O-art O-business O-and O-their O-money O-has O-helped O-fuel O-the O-art O-boom O-, O-but O-recently O-it B-head-appears O-So X-##the X-##by O-' X-s O-has O-been B-dependent-returning O-the O-compliment O-."
"But it's likely that Sotheby's will take a higher than usual commission, called an override, on the amount exceeding the guarantee.","O-But O-it O-' X-s B-head-likely O-that O-So X-##the X-##by O-' X-s O-will B-dependent-take O-a O-higher O-than O-usual O-commission O-, O-called O-an O-over X-##ride O-, O-on O-the O-amount O-exceeding O-the O-guarantee O-."
"The music is not especially pianistic; indeed, it's hard to imagine a bad performance of it.","O-The O-music O-is O-not O-especially O-pianist X-##ic O-; O-indeed O-, O-it O-' X-s B-head-hard O-to B-dependent-imagine O-a O-bad O-performance O-of O-it O-."
It expects any impact on its business to be slight.,O-It B-head-expects O-any O-impact O-on O-its O-business O-to O-be B-dependent-slight O-.
Also closed yesterday were the company's Santa Teresa software-development lab and the Almaden research center.,O-Also B-dependent-closed O-yesterday O-were O-the O-company O-' X-s O-Santa O-Teresa O-software O-- O-development B-head-lab O-and O-the O-Alma X-##den O-research O-center O-.
Piping in a waste-treatment plant needed immediate repairs.,B-dependent-Pi X-##ping O-in O-a O-waste O-- O-treatment O-plant B-head-needed O-immediate O-repairs O-.
Selling a call option gives an investor a small buffer against a stock-market decline.,B-dependent-Se X-##lling O-a O-call O-option B-head-gives O-an O-investor O-a O-small O-buffer O-against O-a O-stock O-- O-market O-decline O-.
"It wasn't clear, however, whether the actions were related to a battle between the corporate raider and New York attorney Martin Ackerman for control of Datapoint Corp., a San Antonio, Texas-based data-processing systems maker.","O-It O-was O-n X-' X-t B-head-clear O-, O-however O-, O-whether O-the O-actions O-were B-dependent-related O-to O-a O-battle O-between O-the O-corporate O-raid X-##er O-and O-New O-York O-attorney O-Martin O-A X-##cker X-##man O-for O-control O-of O-Data X-##point O-Corp X-. O-, O-a O-San O-Antonio O-, O-Texas O-- O-based O-data O-- O-processing O-systems O-maker O-."
"""It's no longer enough to beat the guy down the street.","O-"" O-It O-' X-s O-no O-longer B-head-enough O-to B-dependent-beat O-the O-guy O-down O-the O-street O-."
"Cementing such relationships with major clients -- car and appliance makers -- is a means of survival, especially when those key clients are relying on a smaller pool of producers and flirting with plastic and aluminum makers.","B-dependent-Ce X-##ment X-##ing O-such O-relationships O-with O-major O-clients O-- X-- O-car O-and O-app X-##liance O-makers O-- X-- O-is O-a B-head-means O-of O-survival O-, O-especially O-when O-those O-key O-clients O-are O-relying O-on O-a O-smaller O-pool O-of O-producers O-and O-flirting O-with O-plastic O-and O-aluminum O-makers O-."
"An unexpectedly sharp widening in the U.S. trade gap for August dragged the dollar lower Tuesday, but profit-taking on short positions helped the currency rebound to close mixed against major counterparts.","O-An O-unexpectedly O-sharp O-widening O-in O-the O-U X-. X-S X-. O-trade O-gap O-for O-August O-dragged O-the O-dollar O-lower O-Tuesday O-, O-but O-profit O-- B-dependent-taking O-on O-short O-positions B-head-helped O-the O-currency O-re X-##bound O-to O-close O-mixed O-against O-major O-counterparts O-."
"Last summer, in response to congressional criticism, the State Department and the CIA said they had resumed military aid to the resistance months after it was cut off; but it is not clear how much is being sent or when it will arrive.","O-Last O-summer O-, O-in O-response O-to O-congressional O-criticism O-, O-the O-State O-Department O-and O-the O-CIA O-said O-they O-had O-resumed O-military O-aid O-to O-the O-resistance O-months O-after O-it O-was O-cut O-off O-; O-but O-it O-is O-not B-head-clear O-how O-much O-is O-being B-dependent-sent O-or O-when O-it O-will O-arrive O-."
"""We've known for six months the effect of this drug, and our advice to our people has been not to buy the company's stock,"" Dr. Starzl said, adding that profiting from FK-506 wouldn't be ethical.","O-"" O-We O-' X-ve O-known O-for O-six O-months O-the O-effect O-of O-this O-drug O-, O-and O-our O-advice O-to O-our O-people O-has O-been O-not O-to O-buy O-the O-company O-' X-s O-stock O-, O-"" O-Dr X-. O-Star X-##z X-##l O-said O-, O-adding O-that B-dependent-profit X-##ing O-from O-FK O-- O-50 X-##6 O-would O-n X-' X-t O-be B-head-ethical O-."
"Despite Mr. Paul's characteristic hauteur, the 50-year-old, chain-smoking dynamo is finding that getting CenTrust -- Florida's largest thrift institution -- out of its riskiest investments is much tougher than getting into them had been.","O-Despite O-Mr X-. O-Paul O-' X-s O-characteristic O-ha X-##ute X-##ur O-, O-the O-50 O-- O-year O-- O-old O-, O-chain O-- O-smoking O-d X-##yna X-##mo O-is O-finding O-that B-dependent-getting O-Ce X-##n X-##T X-##rust O-- X-- O-Florida O-' X-s O-largest O-th X-##rift O-institution O-- X-- O-out O-of O-its O-risk X-##iest O-investments O-is O-much B-head-tough X-##er O-than O-getting O-into O-them O-had O-been O-."
"Divesting itself of what is left, as is required of all thrift institutions by July 1994 under the new federal S&L bailout law, may well prove difficult.","B-dependent-Di X-##ves X-##ting O-itself O-of O-what O-is O-left O-, O-as O-is O-required O-of O-all O-th X-##rift O-institutions O-by O-July O-1994 O-under O-the O-new O-federal O-S X-& X-L O-bail X-##out O-law O-, O-may O-well B-head-prove O-difficult O-."
The price paid was a record for the artist.,O-The O-price B-dependent-paid O-was O-a B-head-record O-for O-the O-artist O-.
"Victor Wiener, the executive director of the Appraisers Association of America, agrees that Mr. Paul paid very dearly for the Rubens and adds that getting rid of it any time soon for a similar sum would be quite a feat.","O-Victor O-Wien X-##er O-, O-the O-executive O-director O-of O-the O-A X-##pp X-##raiser X-##s O-Association O-of O-America O-, O-agrees O-that O-Mr X-. O-Paul O-paid O-very O-dear X-##ly O-for O-the O-R X-##uben X-##s O-and O-adds O-that B-dependent-getting O-rid O-of O-it O-any O-time O-soon O-for O-a O-similar O-sum O-would O-be O-quite O-a B-head-feat O-."
"Still, predicting is tricky.","O-Still O-, B-dependent-predict X-##ing O-is B-head-trick X-##y O-."
He estimated it could take a day for a computer security manager to expunge the virus from a computer system.,O-He O-estimated O-it O-could B-head-take O-a O-day O-for O-a O-computer O-security O-manager O-to B-dependent-ex X-##pu X-##nge O-the O-virus O-from O-a O-computer O-system O-.
"Secretary Skinner, for his part, says ""it's silly"" to blame him for the market crash.","O-Secretary O-Skinner O-, O-for O-his O-part O-, O-says O-"" O-it O-' X-s B-head-silly O-"" O-to B-dependent-blame O-him O-for O-the O-market O-crash O-."
But it isn't clear how he would treat other leveraged buy-outs.,O-But O-it O-is O-n X-' X-t B-head-clear O-how O-he O-would B-dependent-treat O-other O-leverage X-##d O-buy O-- O-outs O-.
It appears that some leading administration officials believe the Northwest decision leaves the U.S. open to charges of protectionism and could undermine the U.S. position in international trade talks.,O-It B-head-appears O-that O-some O-leading O-administration O-officials B-dependent-believe O-the O-Northwest O-decision O-leaves O-the O-U X-. X-S X-. O-open O-to O-charges O-of O-protection X-##ism O-and O-could O-under X-##mine O-the O-U X-. X-S X-. O-position O-in O-international O-trade O-talks O-.
"He and other department officials argue that it would be foolish to open U.S. markets to foreign carriers through investments, when other countries are blocking expanded service by American carriers overseas.","O-He O-and O-other O-department O-officials O-argue O-that O-it O-would O-be B-head-foolish O-to B-dependent-open O-U X-. X-S X-. O-markets O-to O-foreign O-carriers O-through O-investments O-, O-when O-other O-countries O-are O-blocking O-expanded O-service O-by O-American O-carriers O-overseas O-."
"It would be difficult to explain to average American workers that their tax dollars were being used to guarantee mortgages on $200,000 homes.","O-It O-would O-be B-head-difficult O-to B-dependent-explain O-to O-average O-American O-workers O-that O-their O-tax O-dollars O-were O-being O-used O-to O-guarantee O-mortgage X-##s O-on O-$ O-200 X-, X-000 O-homes O-."
It was easy to extend a government guarantee to cover apparent problems.,O-It O-was B-head-easy O-to B-dependent-extend O-a O-government O-guarantee O-to O-cover O-apparent O-problems O-.
"""It's been kind of annoying, to say the least,"" she said.","O-"" O-It O-' X-s O-been O-kind O-of B-head-annoying O-, O-to B-dependent-say O-the O-least O-, O-"" O-she O-said O-."
It was the second time in less than a week that Quotron has had problems calculating the industrial average.,O-It O-was O-the O-second B-head-time O-in O-less O-than O-a O-week O-that O-Q X-##uo X-##tron O-has B-dependent-had O-problems O-calculating O-the O-industrial O-average O-.
"Nevertheless, it may add to pressure on the House to follow the Senate's lead and strip from pending budget legislation scores of costly, extraneous provisions.","O-Nevertheless O-, O-it O-may B-head-add O-to O-pressure O-on O-the O-House O-to B-dependent-follow O-the O-Senate O-' X-s O-lead O-and O-strip O-from O-pending O-budget O-legislation O-scores O-of O-costly O-, O-extra X-##ne X-##ous O-provisions O-."
"Of the current group of paintings, it's hard to say which, in the days before tax reform, might have been donated instead of sold.","O-Of O-the O-current O-group O-of O-paintings O-, O-it O-' X-s B-head-hard O-to B-dependent-say O-which O-, O-in O-the O-days O-before O-tax O-reform O-, O-might O-have O-been O-donated O-instead O-of O-sold O-."
"And it will soon be clear whether enough people will be raising those little bidding paddles, no matter what the cost.","O-And O-it O-will O-soon O-be B-head-clear O-whether O-enough O-people O-will O-be B-dependent-raising O-those O-little O-bidding O-paddle X-##s O-, O-no O-matter O-what O-the O-cost O-."
It is now a commonplace that prosecutors are bringing criminal indictments in cases where until a few years ago only a civil action at most would have been brought.,O-It O-is O-now O-a B-head-common X-##place O-that O-prosecutors O-are B-dependent-bringing O-criminal O-indictment X-##s O-in O-cases O-where O-until O-a O-few O-years O-ago O-only O-a O-civil O-action O-at O-most O-would O-have O-been O-brought O-.
"Yet it is also axiomatic that the power to create new crimes belongs only to the legislature, and not to courts.","O-Yet O-it O-is O-also B-head-a X-##xi X-##oma X-##tic O-that O-the O-power O-to O-create O-new O-crimes B-dependent-belongs O-only O-to O-the O-legislature O-, O-and O-not O-to O-courts O-."
It is not my contention that either Mr. Chestman or Mr. Freeman was an innocent victim of prosecutorial overzealousness.,O-It O-is O-not O-my B-head-contention O-that O-either O-Mr X-. O-Ch X-##est X-##man O-or O-Mr X-. O-Freeman O-was O-an O-innocent B-dependent-victim O-of O-prosecutor X-##ial O-over X-##ze X-##alo X-##us X-##ness O-.
"Such a statute illustrates the fundamental problem: Congress finds it is easier to pass sweepingly moralistic prohibitions, which the courts must thereafter interpret, than to engage in the difficult line-drawing distinctions that are inherently its responsibility.","O-Such O-a O-statute O-illustrate X-##s O-the O-fundamental O-problem O-: O-Congress O-finds O-it O-is B-head-easier O-to B-dependent-pass O-sweeping X-##ly O-moral X-##istic O-prohibition X-##s O-, O-which O-the O-courts O-must O-thereafter O-interpret O-, O-than O-to O-engage O-in O-the O-difficult O-line O-- O-drawing O-distinction X-##s O-that O-are O-inherent X-##ly O-its O-responsibility O-."
"It ordered Rep. Bates to write letters of apology to Ms. Bertussi and to a second complainant, Karen Dryden.","O-It B-head-ordered O-Rep O-. O-Bates O-to B-dependent-write O-letters O-of O-apology O-to O-Ms X-. O-Bert X-##uss X-##i O-and O-to O-a O-second O-complain X-##ant O-, O-Karen O-Dry X-##den O-."
"Beyond that, Prospect said it wouldn't offer to acquire additional shares for less than $11.25 a share during the next year or less than $14.06 a share during the subsequent two years.","O-Beyond O-that O-, O-Prospect O-said O-it O-would O-n X-' X-t B-head-offer O-to B-dependent-acquire O-additional O-shares O-for O-less O-than O-$ O-11 X-. X-25 O-a O-share O-during O-the O-next O-year O-or O-less O-than O-$ O-14 X-. X-06 O-a O-share O-during O-the O-subsequent O-two O-years O-."
"Recognition also said it obtained a commitment from Chemical Bank and Bank of Boston to convert an estimated $18 million in bank debt to a new, 24-month secured term loan to be repaid through the sale of certain assets.","O-Re X-##cognition O-also O-said O-it B-head-obtained O-a O-commitment O-from O-Chemical O-Bank O-and O-Bank O-of O-Boston O-to B-dependent-convert O-an O-estimated O-$ O-18 O-million O-in O-bank O-debt O-to O-a O-new O-, O-24 O-- O-month O-secured O-term O-loan O-to O-be O-re X-##pa X-##id O-through O-the O-sale O-of O-certain O-assets O-."
"Moody's said the proposed recaptilization may ""limit the company's ability to realize its profit potential"" and that paying dividends from a new series of preferred could squeeze ""basic business operations.""","O-Moody O-' X-s O-said O-the O-proposed O-re X-##cap X-##til X-##ization O-may O-"" O-limit O-the O-company O-' X-s O-ability O-to O-realize O-its O-profit O-potential O-"" O-and O-that B-dependent-paying O-divide X-##nds O-from O-a O-new O-series O-of O-preferred O-could B-head-squeeze O-"" O-basic O-business O-operations O-. O-"""
"The new reports of sluggishness, which were foreshadowed by an earlier Labor Department report that manufacturing payrolls dropped by 105,000 in September, give the Fed another reason to further ease its grip on credit and lower interest rates.","O-The O-new O-reports O-of O-s X-##lug X-##gis X-##hn X-##ess O-, O-which O-were O-fore X-##sha X-##do X-##wed O-by O-an O-earlier O-Labor O-Department O-report O-that B-dependent-manufacturing O-pay X-##rolls O-dropped O-by O-105 X-, X-000 O-in O-September O-, B-head-give O-the O-Fed O-another O-reason O-to O-further O-ease O-its O-grip O-on O-credit O-and O-lower O-interest O-rates O-."
"And, with those contacts in place, it could be relatively simple to add Aer Lingus and GPA to the team.","O-And O-, O-with O-those O-contacts O-in O-place O-, O-it O-could O-be O-relatively B-head-simple O-to B-dependent-add O-A X-##er O-Ling X-##us O-and O-GP X-##A O-to O-the O-team O-."
"Measured the same way, the decline for black males was 14.2%.","B-dependent-Me X-##as X-##ured O-the O-same O-way O-, O-the O-decline O-for O-black O-males O-was O-14 X-. X-2 B-head-% O-."
"And, apparently, it is here to stay.","O-And O-, O-apparently O-, O-it O-is B-head-here O-to B-dependent-stay O-."
"""It's the idea that what goes in easy can come out easy"" -- so that bouts of higher volatility get built into the stock market.","O-"" O-It O-' X-s O-the B-head-idea O-that O-what O-goes O-in O-easy O-can B-dependent-come O-out O-easy O-"" O-- X-- O-so O-that O-bouts O-of O-higher O-vol X-##ati X-##lity O-get O-built O-into O-the O-stock O-market O-."
"""I've been two-thirds in cash since July, and I continue to think that having a defensive position is appropriate,"" he says.","O-"" O-I O-' X-ve O-been O-two O-- O-thirds O-in O-cash O-since O-July O-, O-and O-I O-continue O-to O-think O-that B-dependent-having O-a O-defensive O-position O-is B-head-appropriate O-, O-"" O-he O-says O-."
"It's a recognition that there was much too much fluff in the LBO market.""","O-It O-' X-s O-a B-head-recognition O-that O-there B-dependent-was O-much O-too O-much O-flu X-##ff O-in O-the O-L X-##BO O-market O-. O-"""
Crown Resources Corp. said it reached a definitive agreement to acquire the Gold Texas Resources Ltd. shares it doesn't already own.,O-Crown O-Resources O-Corp X-. O-said O-it B-head-reached O-a O-definitive O-agreement O-to B-dependent-acquire O-the O-Gold O-Texas O-Resources O-Ltd X-. O-shares O-it O-does O-n X-' X-t O-already O-own O-.
"Despite his racial advantage, to be a great butler is a heroic calling; one's pantry is ""not unlike general's headquarters during a battle.""","O-Despite O-his O-racial O-advantage O-, O-to O-be O-a O-great B-dependent-butler O-is O-a O-heroic B-head-calling O-; O-one O-' X-s O-pan X-##try O-is O-"" O-not O-unlike O-general O-' X-s O-headquarters O-during O-a O-battle O-. O-"""
"That Stevens himself is not grotesque or repellent, but funny and sad and enlightening, is entirely the author's triumph.","O-That O-Stevens O-himself O-is O-not B-dependent-g X-##rote X-##sque O-or O-re X-##pel X-##lent O-, O-but O-funny O-and O-sad O-and O-en X-##light X-##ening O-, O-is O-entirely O-the O-author O-' X-s B-head-triumph O-."
"Though it's clear that Mr. Gelbart's sympathies do not lie with the far right, it's also true that he is evenhanded in dispensing his satirical jabs, taking sharp aim at senators and congressmen of all stripes and particularly at the media.","O-Though O-it O-' X-s B-head-clear O-that O-Mr X-. O-G X-##el X-##bar X-##t O-' X-s O-s X-##ym X-##path X-##ies O-do O-not B-dependent-lie O-with O-the O-far O-right O-, O-it O-' X-s O-also O-true O-that O-he O-is O-even X-##hand X-##ed O-in O-di X-##sp X-##ens X-##ing O-his O-satirical O-j X-##ab X-##s O-, O-taking O-sharp O-aim O-at O-senators O-and O-congress X-##men O-of O-all O-stripes O-and O-particularly O-at O-the O-media O-."
"Though it's clear that Mr. Gelbart's sympathies do not lie with the far right, it's also true that he is evenhanded in dispensing his satirical jabs, taking sharp aim at senators and congressmen of all stripes and particularly at the media.","O-Though O-it O-' X-s O-clear O-that O-Mr X-. O-G X-##el X-##bar X-##t O-' X-s O-s X-##ym X-##path X-##ies O-do O-not O-lie O-with O-the O-far O-right O-, O-it O-' X-s O-also B-head-true O-that O-he O-is B-dependent-even X-##hand X-##ed O-in O-di X-##sp X-##ens X-##ing O-his O-satirical O-j X-##ab X-##s O-, O-taking O-sharp O-aim O-at O-senators O-and O-congress X-##men O-of O-all O-stripes O-and O-particularly O-at O-the O-media O-."
Mr. Grady added that to fund the type of supervision Judge Edelstein described would cost the union at least $3.5 million.,O-Mr X-. O-Grady O-added O-that O-to B-dependent-fund O-the O-type O-of O-supervision O-Judge O-Ed X-##els X-##tein O-described O-would B-head-cost O-the O-union O-at O-least O-$ O-3 X-. X-5 O-million O-.
The defense lawyers also argued that it was appropriate for the judge to consider whether the murder victims were committing a crime at the time they were killed.,O-The O-defense O-lawyers O-also O-argued O-that O-it O-was B-head-appropriate O-for O-the O-judge O-to B-dependent-consider O-whether O-the O-murder O-victims O-were O-committing O-a O-crime O-at O-the O-time O-they O-were O-killed O-.
"Yesterday's selling began after a Japanese news agency reported that Japanese banks, which balked at the first bid, were ready to reject a revised version at around $250 a share, or $5.65 billion.","O-Yesterday O-' X-s O-selling B-dependent-began O-after O-a O-Japanese O-news O-agency B-head-reported O-that O-Japanese O-banks O-, O-which O-b X-##alk X-##ed O-at O-the O-first O-bid O-, O-were O-ready O-to O-reject O-a O-revised O-version O-at O-around O-$ O-250 O-a O-share O-, O-or O-$ O-5 X-. X-65 O-billion O-."
"Observers said it appeared that British Air was angered at the way the bid has degenerated into confusion, as well as by the banks' effort to round up financing for what one called ""a deal that isn't a deal.""","O-Observer X-##s O-said O-it B-head-appeared O-that O-British O-Air O-was B-dependent-angered O-at O-the O-way O-the O-bid O-has O-de X-##generate X-##d O-into O-confusion O-, O-as O-well O-as O-by O-the O-banks O-' O-effort O-to O-round O-up O-financing O-for O-what O-one O-called O-"" O-a O-deal O-that O-is O-n X-' X-t O-a O-deal O-. O-"""
"A group of United's noncontract employees said in a statement, ""The fact that Wolf and other officers were going to line their pockets with literally millions of dollars while instituting severe pay cuts on the nonunion employees of United is not only deplorable but inexcusable.""","O-A O-group O-of O-United O-' X-s O-non X-##con X-##tract O-employees O-said O-in O-a O-statement O-, O-"" O-The O-fact O-that O-Wolf O-and O-other O-officers O-were O-going O-to O-line O-their O-pockets O-with O-literally O-millions O-of O-dollars O-while B-dependent-ins X-##ti X-##tu X-##ting O-severe O-pay O-cuts O-on O-the O-non X-##union O-employees O-of O-United O-is O-not O-only B-head-de X-##p X-##lora X-##ble O-but O-in X-##ex X-##cus X-##able O-. O-"""
MLX Corp. said it reached a preliminary agreement with senior lenders to its refrigeration and air-conditioning group to restructure the $188.5 million of credit facilities the lenders provide to the group.,O-M X-##L X-##X O-Corp X-. O-said O-it B-head-reached O-a O-preliminary O-agreement O-with O-senior O-lend X-##ers O-to O-its O-re X-##f X-##rig X-##eration O-and O-air O-- O-conditioning O-group O-to B-dependent-rest X-##ru X-##cture O-the O-$ O-188 X-. X-5 O-million O-of O-credit O-facilities O-the O-lend X-##ers O-provide O-to O-the O-group O-.
Storage Technology Corp. said it signed a letter of intent to acquire M4 Data Inc. of Britain.,O-St X-##orage O-Technology O-Corp X-. O-said O-it B-head-signed O-a O-letter O-of O-intent O-to B-dependent-acquire O-M X-##4 O-Data O-Inc X-. O-of O-Britain O-.
"""What happened with United was a gracious way for him to bow out.""","O-"" O-What B-dependent-happened O-with O-United O-was O-a O-g X-##rac X-##ious B-head-way O-for O-him O-to O-bow O-out O-. O-"""
"TRW Inc. reported a 12% decline in third-quarter net income, but the company said that excluding unusual gains in both quarters, operating profit rose 16%.","O-T X-##R X-##W O-Inc X-. O-reported O-a O-12 O-% O-decline O-in O-third O-- O-quarter O-net O-income O-, O-but O-the O-company O-said O-that B-dependent-excluding O-unusual O-gains O-in O-both O-quarters O-, O-operating O-profit B-head-rose O-16 O-% O-."
"However, excluding the year-earlier charge for recall of steering gear, operating profit in the latest quarter declined 14%, reflecting higher start-up and product development expenses in passenger-restraint systems.","O-However O-, B-dependent-excluding O-the O-year O-- O-earlier O-charge O-for O-recall O-of O-steering O-gear O-, O-operating O-profit O-in O-the O-latest O-quarter B-head-declined O-14 O-% O-, O-reflecting O-higher O-start O-- O-up O-and O-product O-development O-expenses O-in O-passenger O-- O-restraint O-systems O-."
"The combination of so many chains available for sale, the recent failures of such retailing LBO's as Miller & Rhoads Inc. and declining investor confidence will drive down prices, retailing observers said.","O-The O-combination O-of O-so O-many O-chains O-available O-for O-sale O-, O-the O-recent O-failures O-of O-such O-retail X-##ing O-L X-##BO X-' X-s O-as O-Miller O-& O-R X-##ho X-##ads O-Inc X-. O-and B-dependent-declining O-investor O-confidence O-will B-head-drive O-down O-prices O-, O-retail X-##ing O-observers O-said O-."
"""The pricing will become more realistic, which should help management,"" said Bruce Rosenthal, a New York investment banker with Nathan S. Jonas & Co. ""Investors aren't going to be throwing money at any of the proposed LBOs, but doing deals on the basis of ridiculous assumptions never made sense, either.""","O-"" O-The O-pricing O-will O-become O-more O-realistic O-, O-which O-should O-help O-management O-, O-"" O-said O-Bruce O-Rosen X-##thal O-, O-a O-New O-York O-investment O-banker O-with O-Nathan O-S X-. O-Jonas O-& O-Co O-. O-"" O-In X-##ves X-##tors O-are O-n X-' X-t O-going O-to O-be O-throwing O-money O-at O-any O-of O-the O-proposed O-L X-##BO X-##s O-, O-but B-dependent-doing O-deals O-on O-the O-basis O-of O-ridiculous O-assumptions O-never B-head-made O-sense O-, O-either O-. O-"""
"""But when prices were crazy, it was even harder to do an LBO.","O-"" O-But O-when O-prices O-were O-crazy O-, O-it O-was O-even B-head-harder O-to B-dependent-do O-an O-L X-##BO O-."
"""Having to take on less debt would certainly be an advantage,"" said Mr. Leblang.","O-"" B-dependent-Having O-to O-take O-on O-less O-debt O-would O-certainly O-be O-an B-head-advantage O-, O-"" O-said O-Mr X-. O-Le X-##bla X-##ng O-."
"""What's encouraging about this is that retail chains will be sold on the basis of their sales and earnings, not liquidation values,"" said Joseph E. Brooks, chairman and chief executive officer of Ann Taylor Inc., a specialty chain.","O-"" O-What O-' X-s B-dependent-encouraging O-about O-this B-head-is O-that O-retail O-chains O-will O-be O-sold O-on O-the O-basis O-of O-their O-sales O-and O-earnings O-, O-not O-liquid X-##ation O-values O-, O-"" O-said O-Joseph O-E X-. O-Brooks O-, O-chairman O-and O-chief O-executive O-officer O-of O-Ann O-Taylor O-Inc X-. O-, O-a O-specialty O-chain O-."
It isn't surprising that President Bush hasn't led a crusade to pump up the Contras or SDI.,O-It O-is O-n X-' X-t B-head-surprising O-that O-President O-Bush O-has O-n X-' X-t B-dependent-led O-a O-c X-##rus X-##ade O-to O-pump O-up O-the O-Con X-##tras O-or O-SD X-##I O-.
What's surprising is that there isn't more of a conservative outcry as the Bush administration lets the programs slip down the national-priority list.,O-What O-' X-s B-dependent-surprising B-head-is O-that O-there O-is O-n X-' X-t O-more O-of O-a O-conservative O-out X-##c X-##ry O-as O-the O-Bush O-administration O-lets O-the O-programs O-slip O-down O-the O-national O-- O-priority O-list O-.
It will be hard down the road to persuade Congress to approve money for SDI plans if lawmakers fear those plans could scuttle a completed treaty.,O-It O-will O-be B-head-hard O-down O-the O-road O-to B-dependent-persuade O-Congress O-to O-approve O-money O-for O-SD X-##I O-plans O-if O-law X-##makers O-fear O-those O-plans O-could O-s X-##cut X-##tle O-a O-completed O-treaty O-.
"It has always been true that those outside the club want to climb in, and that a few will cut corners in the process.","O-It O-has O-always O-been B-head-true O-that O-those O-outside O-the O-club B-dependent-want O-to O-climb O-in O-, O-and O-that O-a O-few O-will O-cut O-corners O-in O-the O-process O-."
"Unless the market goes right back up, he says, ""it may take us six to nine months to find the money, instead of three.""","O-Unless O-the O-market O-goes O-right O-back O-up O-, O-he O-says O-, O-"" O-it O-may B-head-take O-us O-six O-to O-nine O-months O-to B-dependent-find O-the O-money O-, O-instead O-of O-three O-. O-"""
"Expo enthusiasts argue that holding the fair would attract businesses, create jobs and help renovate abandoned sections of town.","O-Expo O-enthusiasts O-argue O-that B-dependent-holding O-the O-fair O-would B-head-attract O-businesses O-, O-create O-jobs O-and O-help O-re X-##nova X-##te O-abandoned O-sections O-of O-town O-."
"Abandoning socialism means abandoning the East German state's reason for existence, and with it the justification for its watchdogs and its Wall.","B-dependent-A X-##band X-##oning O-socialism B-head-means O-abandoning O-the O-East O-German O-state O-' X-s O-reason O-for O-existence O-, O-and O-with O-it O-the O-justification O-for O-its O-watch X-##dog X-##s O-and O-its O-Wall O-."
"In this scenario it's hard to imagine that a pale imitation of the Federal Republic could avoid being pulled into some kind of tie -- economic, federal or stronger -- with West Germany.","O-In O-this O-scenario O-it O-' X-s B-head-hard O-to B-dependent-imagine O-that O-a O-pale O-imitation O-of O-the O-Federal O-Republic O-could O-avoid O-being O-pulled O-into O-some O-kind O-of O-tie O-- X-- O-economic O-, O-federal O-or O-stronger O-- X-- O-with O-West O-Germany O-."
It's particularly appropriate -- and tragic -- that the land that produced Karl Marx should prove socialism's failure in an experiment that uses its own people as controls.,O-It O-' X-s O-particularly B-head-appropriate O-- X-- O-and O-tragic O-- X-- O-that O-the O-land O-that O-produced O-Karl O-Marx O-should B-dependent-prove O-socialism O-' X-s O-failure O-in O-an O-experiment O-that O-uses O-its O-own O-people O-as O-controls O-.
"But it would be ironic if Germany's reunification, just like its division, eventually were the result of actions in centers of power other than Bonn and Berlin.","O-But O-it O-would O-be B-head-ironic O-if O-Germany O-' X-s O-re X-##uni X-##fication O-, O-just O-like O-its O-division O-, O-eventually O-were O-the B-dependent-result O-of O-actions O-in O-centers O-of O-power O-other O-than O-Bonn O-and O-Berlin O-."
"Some of it was necessary to get federal help flowing to victims, but some seemed designed mostly to project an image of a White House in action.","O-Some O-of O-it O-was B-head-necessary O-to B-dependent-get O-federal O-help O-flowing O-to O-victims O-, O-but O-some O-seemed O-designed O-mostly O-to O-project O-an O-image O-of O-a O-White O-House O-in O-action O-."
Living there for six years was really scary.,B-dependent-Living O-there O-for O-six O-years O-was O-really B-head-scary O-.
"It is expected that GE Capital Corp., a financial-services subsidiary of General Electric Co., will provide much of the funding for the proposed leveraged buy-out of Merksamer, based in Sacramento, Calif.","O-It O-is B-head-expected O-that O-GE O-Capital O-Corp X-. O-, O-a O-financial O-- O-services O-subsidiary O-of O-General O-Electric O-Co X-. O-, O-will B-dependent-provide O-much O-of O-the O-funding O-for O-the O-proposed O-leverage X-##d O-buy O-- O-out O-of O-Me X-##rks X-##ame X-##r O-, O-based O-in O-Sacramento O-, O-Cal X-##if O-."
"Besides Ms. and Sassy, closely held Lang Communications includes Success, a magazine for entrepreneurs and small businesses, and Working Woman and Working Mother, two monthly magazines.","O-Besides O-Ms X-. O-and O-Sa X-##ssy O-, O-closely B-dependent-held O-Lang O-Communications B-head-includes O-Success O-, O-a O-magazine O-for O-entrepreneurs O-and O-small O-businesses O-, O-and O-Working O-Woman O-and O-Working O-Mother O-, O-two O-monthly O-magazines O-."
"Upping the ante could slow economic development even further, as countries delay market-opening steps in anticipation of richer multilateral support.","B-dependent-Up X-##ping O-the O-ant X-##e O-could B-head-slow O-economic O-development O-even O-further O-, O-as O-countries O-delay O-market O-- O-opening O-steps O-in O-anticipation O-of O-rich X-##er O-multi X-##late X-##ral O-support O-."
"If conservatives don't support an increase in the IMF's capital, then it is incumbent on them to speak up now and explain the alternative.","O-If O-conservative X-##s O-do O-n X-' X-t O-support O-an O-increase O-in O-the O-I X-##MF O-' X-s O-capital O-, O-then O-it O-is B-head-incumbent O-on O-them O-to B-dependent-speak O-up O-now O-and O-explain O-the O-alternative O-."
"Six-month CDs of $50,000 and less yielded an average 8.02% in the week ended Tuesday, down from 8.10%, according to Banxquote.","O-Six O-- O-month O-CDs O-of O-$ O-50 X-, X-000 O-and O-less B-dependent-yielded O-an O-average O-8 X-. X-02 O-% O-in O-the O-week B-head-ended O-Tuesday O-, O-down O-from O-8 X-. X-10 O-% O-, O-according O-to O-Ban X-##x X-##q X-##uo X-##te O-."
"The institute said that, excluding semifinished steel products, year-to-date imports represented 15.2% of consumption, compared with a permitted maximum of 18.5%.","O-The O-institute O-said O-that O-, B-dependent-excluding O-semi X-##fin X-##ished O-steel O-products O-, O-year O-- O-to O-- O-date O-imports B-head-represented O-15 X-. X-2 O-% O-of O-consumption O-, O-compared O-with O-a O-permitted O-maximum O-of O-18 X-. X-5 O-% O-."
"""It will take several meetings to resolve this,"" said a spokesman for the Machinists union.","O-"" O-It O-will B-head-take O-several O-meetings O-to B-dependent-resolve O-this O-, O-"" O-said O-a O-spokesman O-for O-the O-Mac X-##hin X-##ists O-union O-."
"""It's hard to imagine how the markets were speculating, given that nobody could get through to San Francisco,"" said one amazed oil company executive.","O-"" O-It O-' X-s B-head-hard O-to B-dependent-imagine O-how O-the O-markets O-were O-s X-##pec X-##ulating O-, O-given O-that O-nobody O-could O-get O-through O-to O-San O-Francisco O-, O-"" O-said O-one O-amazed O-oil O-company O-executive O-."
"""Now that the supply situation seems to be improving, it would be best for traders to switch their concentration to the demand side.""","O-"" O-Now O-that O-the O-supply O-situation O-seems O-to O-be O-improving O-, O-it O-would O-be B-head-best O-for O-traders O-to B-dependent-switch O-their O-concentration O-to O-the O-demand O-side O-. O-"""
"Given Democratic frustration with the Reagan victories and Court appointments, the contingency plans in place, and Mr. Bork's paper trail of vulnerable writings, it was pretty clear that Judge Bork never stood much chance of being confirmed.","O-Given O-Democratic O-frustration O-with O-the O-Reagan O-victories O-and O-Court O-appointments O-, O-the O-con X-##ting X-##ency O-plans O-in O-place O-, O-and O-Mr X-. O-Bo X-##rk O-' X-s O-paper O-trail O-of O-vulnerable O-writings O-, O-it O-was O-pretty B-head-clear O-that O-Judge O-Bo X-##rk O-never B-dependent-stood O-much O-chance O-of O-being O-confirmed O-."
"What is certain is that if Americans allow another happening like the degrading Bork confirmation circus, it will be at their peril.","O-What O-is B-dependent-certain B-head-is O-that O-if O-Americans O-allow O-another O-happening O-like O-the O-de X-##grading O-Bo X-##rk O-confirmation O-circus O-, O-it O-will O-be O-at O-their O-per X-##il O-."
"""It's a nice feeling to know that things stabilized,"" said Mr. Sherman, the 51-year-old co-owner of a discount department store.","O-"" O-It O-' X-s O-a O-nice B-head-feeling O-to B-dependent-know O-that O-things O-stab X-##ilized O-, O-"" O-said O-Mr X-. O-Sherman O-, O-the O-51 O-- O-year O-- O-old O-co X-- X-owner O-of O-a O-discount O-department O-store O-."
"It's difficult to be that consistently wrong.""","O-It O-' X-s B-head-difficult O-to O-be B-dependent-that O-consistently O-wrong O-. O-"""
"It's difficult to be that consistently wrong.""","O-It O-' X-s B-head-difficult O-to O-be O-that O-consistently B-dependent-wrong O-. O-"""
Traders said hedging related to the TVA pricing also pressured Treasury bonds.,O-Trade X-##rs O-said B-dependent-he X-##dging O-related O-to O-the O-TV X-##A O-pricing O-also B-head-pressure X-##d O-Treasury O-bonds O-.
Dealers noted that it's difficult to structure new Remics when prices are moving widely.,O-Deal X-##ers O-noted O-that O-it O-' X-s B-head-difficult O-to B-dependent-structure O-new O-Re X-##mic X-##s O-when O-prices O-are O-moving O-widely O-.
They said it was reasonable to expect a rash of selling and to lower prices in anticipation of it.,O-They O-said O-it O-was B-head-reasonable O-to B-dependent-expect O-a O-r X-##ash O-of O-selling O-and O-to O-lower O-prices O-in O-anticipation O-of O-it O-.
National Pizza said it signed a definitive agreement to acquire Skipper's for $11.50 a share.,O-National O-Pizza O-said O-it B-head-signed O-a O-definitive O-agreement O-to B-dependent-acquire O-Ski X-##pper O-' X-s O-for O-$ O-11 X-. X-50 O-a O-share O-.
Operating profit of $37.2 million was unchanged.,B-dependent-Operating O-profit O-of O-$ O-37 X-. X-2 O-million O-was B-head-unchanged O-.
"Managing the bond issue is a group of investment banks headed by First Boston Corp. and co-managed by Goldman, Sachs & Co., Merrill Lynch Capital Markets, Morgan Stanley & Co., and Salomon Brothers Inc.","B-dependent-Managing O-the O-bond O-issue O-is O-a B-head-group O-of O-investment O-banks O-headed O-by O-First O-Boston O-Corp X-. O-and O-co X-- X-managed O-by O-Goldman O-, O-Sachs O-& O-Co X-. O-, O-Merrill O-Lynch O-Capital O-Markets O-, O-Morgan O-Stanley O-& O-Co X-. O-, O-and O-Sal X-##omo X-##n O-Brothers O-Inc O-."
"On Friday, trading in practically every issue ground to a halt as potential buyers fled and brokerage firms were unwilling to provide bid and offer prices for most issues.","O-On O-Friday O-, B-dependent-trading O-in O-practically O-every O-issue O-ground O-to O-a O-halt O-as O-potential O-buyers B-head-fled O-and O-broker X-##age O-firms O-were O-unwilling O-to O-provide O-bid O-and O-offer O-prices O-for O-most O-issues O-."
"""It's possible to have a 10% default rate in one year, because we're already seeing big problems in the midst of a pretty strong economy.","O-"" O-It O-' X-s B-head-possible O-to B-dependent-have O-a O-10 O-% O-default O-rate O-in O-one O-year O-, O-because O-we O-' X-re O-already O-seeing O-big O-problems O-in O-the O-midst O-of O-a O-pretty O-strong O-economy O-."
"Although it would be costly to shoot multiple versions, TV programmers could let audiences vote on different endings for a movie.","O-Although O-it O-would O-be B-head-costly O-to B-dependent-shoot O-multiple O-versions O-, O-TV O-programmer X-##s O-could O-let O-audiences O-vote O-on O-different O-endings O-for O-a O-movie O-."
Why should it be so surprising that a 30% cut in the capital-gains tax would have such an enormous impact on the value of the nation's capital stock?,O-Why O-should O-it O-be O-so B-head-surprising O-that O-a O-30 O-% O-cut O-in O-the O-capital O-- O-gains O-tax O-would B-dependent-have O-such O-an O-enormous O-impact O-on O-the O-value O-of O-the O-nation O-' X-s O-capital O-stock O-?
"Isn't it reasonable to assume that the asset you own would be worth more if the government suddenly announced that if you sold it, you would be able to keep 30% more of its gain than you previously believed?","O-Is O-n X-' X-t O-it B-head-reasonable O-to B-dependent-assume O-that O-the O-asset O-you O-own O-would O-be O-worth O-more O-if O-the O-government O-suddenly O-announced O-that O-if O-you O-sold O-it O-, O-you O-would O-be O-able O-to O-keep O-30 O-% O-more O-of O-its O-gain O-than O-you O-previously O-believed O-?"
"""It's very difficult to do,"" says Donald Holt, a market strategist for Wedbush Morgan Securities, a Los Angeles brokerage firm.","O-"" O-It O-' X-s O-very B-head-difficult O-to B-dependent-do O-, O-"" O-says O-Donald O-Holt O-, O-a O-market O-s X-##trate X-##gis X-##t O-for O-We X-##d X-##bush O-Morgan O-Securities O-, O-a O-Los O-Angeles O-broker X-##age O-firm O-."
Most lawmakers think it will be extremely difficult for Mr. Bush's opponents on the abortion issue to round up the votes needed to override the veto.,O-Most O-law X-##makers O-think O-it O-will O-be O-extremely B-head-difficult O-for O-Mr X-. O-Bush O-' X-s O-opponents O-on O-the O-abortion O-issue O-to B-dependent-round O-up O-the O-votes O-needed O-to O-over X-##ride O-the O-veto O-.
"""It's very important that we exude confidence, even though within the family we know there's a lot of hard work ahead,"" said Richard Miller, the Lowell, Mass., computer concern's new president, in a video message to salespeople a month after he took over.","O-"" O-It O-' X-s O-very B-head-important O-that O-we B-dependent-ex X-##ude O-confidence O-, O-even O-though O-within O-the O-family O-we O-know O-there O-' X-s O-a O-lot O-of O-hard O-work O-ahead O-, O-"" O-said O-Richard O-Miller O-, O-the O-Lowell O-, O-Mass X-. O-, O-computer O-concern O-' X-s O-new O-president O-, O-in O-a O-video O-message O-to O-sales X-##people O-a O-month O-after O-he O-took O-over O-."
"Moreover, he notes that analyzing financial results ""poses a problem for a salesman who isn't particularly familiar with a balance sheet.""","O-Moreover O-, O-he O-notes O-that B-dependent-analyzing O-financial O-results O-"" B-head-poses O-a O-problem O-for O-a O-salesman O-who O-is O-n X-' X-t O-particularly O-familiar O-with O-a O-balance O-sheet O-. O-"""
"""When a company realizes that, it's hard to go with Wang.""","O-"" O-When O-a O-company O-realizes O-that O-, O-it O-' X-s B-head-hard O-to B-dependent-go O-with O-Wang O-. O-"""
It can be hard for a salesperson to fight off feelings of discouragement.,O-It O-can O-be B-head-hard O-for O-a O-sales X-##person O-to B-dependent-fight O-off O-feelings O-of O-disco X-##urage X-##ment O-.
"It has since asked holders not to immediately tender their shares under a recent $72-a-share, or $104 million, bid from AB SKF of Sweden, until McGill directors have completed their evaluation.","O-It O-has O-since B-head-asked O-holders O-not O-to O-immediately B-dependent-tender O-their O-shares O-under O-a O-recent O-$ O-72 O-- O-a X-- O-share O-, O-or O-$ O-104 O-million O-, O-bid O-from O-AB O-SK X-##F O-of O-Sweden O-, O-until O-McGill O-directors O-have O-completed O-their O-evaluation O-."
"Allowing uncontrolled prices for necessities would indeed shorten the lines at stores, as he contends.","B-dependent-All X-##owing O-un X-##con X-##tro X-##lled O-prices O-for O-ne X-##cess X-##ities O-would O-indeed B-head-short X-##en O-the O-lines O-at O-stores O-, O-as O-he O-con X-##tend X-##s O-."
"It is inhumane to imply that a poor, unemployed woman cannot receive immediate relief for her family at fair prices because she does not have as much to protect as a rich family.","O-It O-is B-head-in X-##human X-##e O-to B-dependent-imply O-that O-a O-poor O-, O-unemployed O-woman O-cannot O-receive O-immediate O-relief O-for O-her O-family O-at O-fair O-prices O-because O-she O-does O-not O-have O-as O-much O-to O-protect O-as O-a O-rich O-family O-."
Lawyers close to the case said they believed the ruling was unprecedented.,O-Law X-##yers B-dependent-close O-to O-the O-case B-head-said O-they O-believed O-the O-ruling O-was O-unprecedented O-.
"""Up until now the courts have said it is not their role to supervise the foreign country's courts,"" said Jacques Semmelman, the assistant U.S. attorney on the case.","O-"" O-Up O-until O-now O-the O-courts O-have O-said O-it O-is O-not O-their B-head-role O-to B-dependent-super X-##vise O-the O-foreign O-country O-' X-s O-courts O-, O-"" O-said O-Jacques O-Se X-##mme X-##lman O-, O-the O-assistant O-U X-. X-S X-. O-attorney O-on O-the O-case O-."
"In an era of `sound bites' and instant opinion polls it is dangerous to apply broad labels to a single term.""","O-In O-an O-era O-of O-` X-sound O-bites O-' O-and O-instant O-opinion O-polls O-it O-is B-head-dangerous O-to B-dependent-apply O-broad O-labels O-to O-a O-single O-term O-. O-"""
Mr. Fenton says it was not the intent of the NRDC to have school systems ban apples.,O-Mr X-. O-Fen X-##ton O-says O-it O-was O-not O-the B-head-intent O-of O-the O-N X-##RD X-##C O-to B-dependent-have O-school O-systems O-ban O-apples O-.
