"Lockheed Corp. -- $300 million of 9 3/8% notes due Oct. 15, 1999, priced at 99.90 to yield 9.39%.","O-Lockheed O-Corp O-. O-- X-- O-$ O-300 O-million O-of O-9 O-3 B-SYM-/ O-8 O-% O-notes O-due O-Oct X-. O-15 O-, O-1999 O-, O-priced O-at O-99 X-. X-90 O-to O-yield O-9 X-. X-39 O-% O-."
There are about $10 million of 7% bonds priced at 99 1/4 to yield 7.081% in 2004; about $15 million of 7% bonds priced at 98 1/2 to yield 7.145% in 2008; about $88.35 million of 7% bonds priced at 97 1/4 to yield 7.227% in 2018; and about $15 million of 6 3/4% bonds priced to yield 7.15% in 2019.,O-There O-are O-about O-$ O-10 O-million O-of O-7 O-% O-bonds O-priced O-at O-99 O-1 B-SYM-/ O-4 O-to O-yield O-7 X-. X-08 X-##1 O-% O-in O-2004 O-; O-about O-$ O-15 O-million O-of O-7 O-% O-bonds O-priced O-at O-98 O-1 B-SYM-/ O-2 O-to O-yield O-7 X-. X-145 O-% O-in O-2008 O-; O-about O-$ O-88 X-. X-35 O-million O-of O-7 O-% O-bonds O-priced O-at O-97 O-1 B-SYM-/ O-4 O-to O-yield O-7 X-. X-227 O-% O-in O-2018 O-; O-and O-about O-$ O-15 O-million O-of O-6 O-3 B-SYM-/ O-4 O-% O-bonds O-priced O-to O-yield O-7 X-. X-15 O-% O-in O-2019 O-.
The group is offering the notes priced as 6 3/4% securities to yield 6.25%.,O-The O-group O-is O-offering O-the O-notes O-priced O-as O-6 O-3 B-SYM-/ O-4 O-% O-securities O-to O-yield O-6 X-. X-25 O-% O-.
"The offering, Series 1989-82, is backed by Fannie Mae 9 1/2% securities and used at-market pricing.","O-The O-offering O-, O-Series O-1989 X-- X-82 O-, O-is O-backed O-by O-Fan X-##nie O-Mae O-9 O-1 B-SYM-/ O-2 O-% O-securities O-and O-used O-at X-- X-market O-pricing O-."
"Each $5,000 bond carries one warrant, exercisable from Nov. 16, 1989, through Oct. 19, 1993, to buy company shares at an expected premium of 2 1/2% to the closing share price when terms are fixed Oct. 24.","O-Each O-$ O-5 X-, X-000 O-bond O-carries O-one O-warrant O-, O-ex X-##er X-##cis X-##able O-from O-Nov X-. O-16 O-, O-1989 O-, O-through O-Oct X-. O-19 O-, O-1993 O-, O-to O-buy O-company O-shares O-at O-an O-expected O-premium O-of O-2 O-1 B-SYM-/ O-2 O-% O-to O-the O-closing O-share O-price O-when O-terms O-are O-fixed O-Oct X-. O-24 O-."
"Each $5000 bond carries one warrant, exercisable from Nov. 15, 1989, to Oct. 18, 1993, to buy company shares at an expected premium of 2 1/2% to the closing share price when terms are fixed Oct. 23.","O-Each O-$ O-5000 O-bond O-carries O-one O-warrant O-, O-ex X-##er X-##cis X-##able O-from O-Nov X-. O-15 O-, O-1989 O-, O-to O-Oct X-. O-18 O-, O-1993 O-, O-to O-buy O-company O-shares O-at O-an O-expected O-premium O-of O-2 O-1 B-SYM-/ O-2 O-% O-to O-the O-closing O-share O-price O-when O-terms O-are O-fixed O-Oct X-. O-23 O-."
"Sammi Steel Co. (Korea) -- $50 million of bonds due Nov. 8, 1994, with equity-purchase warrants, indicating a 1 1/4% to 1 3/4% coupon at par, via Merrill Lynch International Ltd. and Dong Suh Securities Co.","O-Sam X-##mi O-Steel O-Co O-. O-( O-Korea O-) O-- X-- O-$ O-50 O-million O-of O-bonds O-due O-Nov X-. O-8 O-, O-1994 O-, O-with O-equity X-- X-purchase O-warrant X-##s O-, O-indicating O-a O-1 O-1 B-SYM-/ O-4 O-% O-to O-1 O-3 B-SYM-/ O-4 O-% O-coup X-##on O-at O-par O-, O-via O-Merrill O-Lynch O-International O-Ltd X-. O-and O-Dong O-Su X-##h O-Securities O-Co O-."
"Redland International Funding PLC (U.K. parent) -- 150 million Australian dollars of 15 3/8% bonds due Nov. 8, 1996, priced at 101 3/4 to yield 15.44% less full fees, via JP Morgan Securities Ltd. Guaranteed by Redland PLC.","O-Red X-##land O-International O-Funding O-P X-##LC O-( O-U X-. X-K X-. O-parent O-) O-- X-- O-150 O-million O-Australian O-dollars O-of O-15 O-3 B-SYM-/ O-8 O-% O-bonds O-due O-Nov X-. O-8 O-, O-1996 O-, O-priced O-at O-101 O-3 B-SYM-/ O-4 O-to O-yield O-15 X-. X-44 O-% O-less O-full O-fees O-, O-via O-JP O-Morgan O-Securities O-Ltd O-. O-G X-##ua X-##rant X-##eed O-by O-Red X-##land O-P X-##LC O-."
"The first part, consisting of $2 billion of bonds due Oct. 1, 2019, with a five-year non-call provision, was priced as 8 3/4% securities at 96.808 to yield 9.06%.","O-The O-first O-part O-, O-consisting O-of O-$ O-2 O-billion O-of O-bonds O-due O-Oct X-. O-1 O-, O-2019 O-, O-with O-a O-five X-- X-year O-non X-- X-call O-provision O-, O-was O-priced O-as O-8 O-3 B-SYM-/ O-4 O-% O-securities O-at O-96 X-. X-80 X-##8 O-to O-yield O-9 X-. X-06 O-% O-."
"The second part, consisting of $1 billion of noncallable bonds due Oct. 1, 1999, was priced as 8 3/8% securities at 99.691 to yield 8.42%.","O-The O-second O-part O-, O-consisting O-of O-$ O-1 O-billion O-of O-non X-##cal X-##la X-##ble O-bonds O-due O-Oct X-. O-1 O-, O-1999 O-, O-was O-priced O-as O-8 O-3 B-SYM-/ O-8 O-% O-securities O-at O-99 X-. X-69 X-##1 O-to O-yield O-8 X-. X-42 O-% O-."
"The third part, consisting of $1 billion of noncallable bonds due Oct. 1, 1994, was priced as 8 1/4% securities at 99.672 to yield 8.33%.","O-The O-third O-part O-, O-consisting O-of O-$ O-1 O-billion O-of O-non X-##cal X-##la X-##ble O-bonds O-due O-Oct X-. O-1 O-, O-1994 O-, O-was O-priced O-as O-8 O-1 B-SYM-/ O-4 O-% O-securities O-at O-99 X-. X-67 X-##2 O-to O-yield O-8 X-. X-33 O-% O-."
"The National Broadcasting Co., a unit of General Electric Co., had its record-breaking 68-week reign as the prime-time ratings leader snapped yesterday by ABC-TV, a subsidiary of Capital Cities/ABC Inc.","O-The O-National O-Broadcasting O-Co X-. O-, O-a O-unit O-of O-General O-Electric O-Co X-. O-, O-had O-its O-record X-- X-breaking O-68 X-- X-week O-reign O-as O-the O-prime X-- X-time O-ratings O-leader O-snapped O-yesterday O-by O-ABC X-- X-TV O-, O-a O-subsidiary O-of O-Capital O-Cities B-SYM-/ O-ABC O-Inc O-."
"The federal funds rate on overnight loans between banks has been hovering around 8 3/4%, down from 9% previously.","O-The O-federal O-funds O-rate O-on O-overnight O-loans O-between O-banks O-has O-been O-hovering O-around O-8 O-3 B-SYM-/ O-4 O-% O-, O-down O-from O-9 O-% O-previously O-."
"Directors elected R. Marvin Womack, currently vice president/product supply, purchasing, to head the company's Washington, D.C., office.","O-Directors O-elected O-R O-. O-Marvin O-W X-##oma X-##ck O-, O-currently O-vice O-president B-SYM-/ O-product O-supply O-, O-purchasing O-, O-to O-head O-the O-company O-' X-s O-Washington O-, O-D X-. X-C X-. O-, O-office O-."
"As vice president/national-government relations, Mr. Womack will work with P&G's top management and with the company's government-relations staff ""to represent P&G's interests at the federal level,"" said John G. Smale, chairman and chief executive officer.","O-As O-vice O-president B-SYM-/ O-national X-- X-government O-relations O-, O-Mr X-. O-W X-##oma X-##ck O-will O-work O-with O-P O-& O-G O-' X-s O-top O-management O-and O-with O-the O-company O-' X-s O-government X-- X-relations O-staff O-"" O-to O-represent O-P O-& O-G O-' X-s O-interests O-at O-the O-federal O-level O-, X-"" O-said O-John O-G X-. O-S X-##mal X-##e O-, O-chairman O-and O-chief O-executive O-officer O-."
Prime Minister Rajiv Gandhi set a date next month for general elections that some analysts say could cost him and his ruling Congress (I) Party control of the government.,O-Prime O-Minister O-Raj X-##iv O-Gandhi O-set O-a O-date O-next O-month O-for O-general O-elections O-that O-some O-analysts O-say O-could O-cost O-him O-and O-his O-ruling O-Congress B-SYM-( O-I O-) O-Party O-control O-of O-the O-government O-.
The stock tumbled 24 7/8 to 198 on volume of 2.8 million shares.,O-The O-stock O-tumbled O-24 O-7 B-SYM-/ O-8 O-to O-198 O-on O-volume O-of O-2 X-. X-8 O-million O-shares O-.
"Investors were buying yesterday, but they were running scared to premier blue chips such as Procter & Gamble, which jumped 3 3/8 to 127.","O-In X-##ves X-##tors O-were O-buying O-yesterday O-, O-but O-they O-were O-running O-scared O-to O-premier O-blue O-chips O-such O-as O-Pro X-##cter O-& O-G X-##amble O-, O-which O-jumped O-3 O-3 B-SYM-/ O-8 O-to O-127 O-."
"Chase Manhattan, which sold 14 million additional shares at 40 1/8 Monday through an underwriting group led by Goldman Sachs, closed down 1/8 to 40.","O-Chase O-Manhattan O-, O-which O-sold O-14 O-million O-additional O-shares O-at O-40 O-1 B-SYM-/ O-8 O-Monday O-through O-an O-under X-##writing O-group O-led O-by O-Goldman O-Sachs O-, O-closed O-down O-1 B-SYM-/ O-8 O-to O-40 O-."
"Citicorp fell 1/2 to 32, and Manufacturers Hanover slipped 3/8 to 40 1/4.","O-C X-##itic X-##or X-##p O-fell O-1 B-SYM-/ O-2 O-to O-32 O-, O-and O-Man X-##uf X-##act X-##urers O-Hanover O-slipped O-3 B-SYM-/ O-8 O-to O-40 O-1 B-SYM-/ O-4 O-."
The stock fell 3 1/4 to 73 1/4 on 3.4 million shares.,O-The O-stock O-fell O-3 O-1 B-SYM-/ O-4 O-to O-73 O-1 B-SYM-/ O-4 O-on O-3 X-. X-4 O-million O-shares O-.
"Delta Air Lines fell 1 7/8 to 67 7/8, USAir Group dropped 3/4 to 40 1/4, Southwest Airlines dipped 1/2 to 25 and Alaska Air Group slid 3/8 to 24 1/4.","O-Delta O-Air O-Lines O-fell O-1 O-7 B-SYM-/ O-8 O-to O-67 O-7 B-SYM-/ O-8 O-, O-USA X-##ir O-Group O-dropped O-3 B-SYM-/ O-4 O-to O-40 O-1 B-SYM-/ O-4 O-, O-Southwest O-Airlines O-dipped O-1 B-SYM-/ O-2 O-to O-25 O-and O-Alaska O-Air O-Group O-slid O-3 B-SYM-/ O-8 O-to O-24 O-1 B-SYM-/ O-4 O-."
"But Texas Air, the owner of Continental and Eastern airlines, bucked the group's decline by rising 7/8 to 14 5/8 in American Stock Exchange trading.","O-But O-Texas O-Air O-, O-the O-owner O-of O-Continental O-and O-Eastern O-airlines O-, O-b X-##uck X-##ed O-the O-group O-' X-s O-decline O-by O-rising O-7 B-SYM-/ O-8 O-to O-14 O-5 B-SYM-/ O-8 O-in O-American O-Stock O-Exchange O-trading O-."
"Philip Morris, the most active Big Board issue for the second consecutive session, was unchanged at 43 1/4 on 3.9 million shares.","O-Philip O-Morris O-, O-the O-most O-active O-Big O-Board O-issue O-for O-the O-second O-consecutive O-session O-, O-was O-unchanged O-at O-43 O-1 B-SYM-/ O-4 O-on O-3 X-. X-9 O-million O-shares O-."
"Other blue-chip consumer issues also fared relatively well: PepsiCo rose 1 3/8 to 58 1/2; Coca-Cola Co. was unchanged at 66 3/4; McDonald's also closed unchanged at 30 1/2, and Merck rose 1/2 to 75 1/4.","O-Other O-blue X-- X-chip O-consumer O-issues O-also O-fare X-##d O-relatively O-well O-: O-P X-##ep X-##si X-##C X-##o O-rose O-1 O-3 B-SYM-/ O-8 O-to O-58 O-1 B-SYM-/ O-2 O-; O-Coca X-- X-Cola O-Co X-. O-was O-unchanged O-at O-66 O-3 B-SYM-/ O-4 O-; O-McDonald O-' X-s O-also O-closed O-unchanged O-at O-30 O-1 B-SYM-/ O-2 O-, O-and O-Me X-##rc X-##k O-rose O-1 B-SYM-/ O-2 O-to O-75 O-1 B-SYM-/ O-4 O-."
"Among the takeover-related stocks that sold off yesterday were Disney, which closed down 2 1/8 to 121 1/4.","O-Among O-the O-takeover X-- X-related O-stocks O-that O-sold O-off O-yesterday O-were O-Disney O-, O-which O-closed O-down O-2 O-1 B-SYM-/ O-8 O-to O-121 O-1 B-SYM-/ O-4 O-."
Philips Industries tumbled 3/8 to 22 7/8; Hilton Hotels fell 2 1/2 to 92 and Holiday Corp. fell 2 1/8 to 69 7/8.,O-Philips O-Industries O-tumbled O-3 B-SYM-/ O-8 O-to O-22 O-7 B-SYM-/ O-8 O-; O-Hilton O-Hotels O-fell O-2 O-1 B-SYM-/ O-2 O-to O-92 O-and O-Holiday O-Corp O-. O-fell O-2 O-1 B-SYM-/ O-8 O-to O-69 O-7 B-SYM-/ O-8 O-.
"Among other blue chips, Exxon gained 1/8 to 45 1/2.","O-Among O-other O-blue O-chips O-, O-Ex X-##xon O-gained O-1 B-SYM-/ O-8 O-to O-45 O-1 B-SYM-/ O-2 O-."
"International Paper fell 1 3/8 to 51 1/2, Union Carbide eased 7/8 to 25, Chevron gained 1/8 to 64, and Eastman Kodak closed down 3/4 to 44 1/4.","O-International O-Paper O-fell O-1 O-3 B-SYM-/ O-8 O-to O-51 O-1 B-SYM-/ O-2 O-, O-Union O-Car X-##bide O-eased O-7 B-SYM-/ O-8 O-to O-25 O-, O-Ch X-##ev X-##ron O-gained O-1 B-SYM-/ O-8 O-to O-64 O-, O-and O-Eastman O-Ko X-##dak O-closed O-down O-3 B-SYM-/ O-4 O-to O-44 O-1 B-SYM-/ O-4 O-."
"Compaq Computer gained 2 1/8 to 103 3/4 on two million shares, reflecting market optimism about the prospects for its newly introduced notebook-sized computer.","O-Co X-##mp X-##aq O-Computer O-gained O-2 O-1 B-SYM-/ O-8 O-to O-103 O-3 B-SYM-/ O-4 O-on O-two O-million O-shares O-, O-reflecting O-market O-op X-##ti X-##mism O-about O-the O-prospects O-for O-its O-newly O-introduced O-notebook X-- X-sized O-computer O-."
B.F. Goodrich dropped 1 3/8 to 49 1/8.,O-B X-. X-F O-. O-Good X-##rich O-dropped O-1 O-3 B-SYM-/ O-8 O-to O-49 O-1 B-SYM-/ O-8 O-.
Blue Arrow added 1/2 to 17 1/4.,O-Blue O-Arrow O-added O-1 B-SYM-/ O-2 O-to O-17 O-1 B-SYM-/ O-4 O-.
Dravo rose 5/8 to 16 1/8.,O-Dr X-##av X-##o O-rose O-5 B-SYM-/ O-8 O-to O-16 O-1 B-SYM-/ O-8 O-.
Intertan jumped 2 1/4 to 56 7/8.,O-Inter X-##tan O-jumped O-2 O-1 B-SYM-/ O-4 O-to O-56 O-7 B-SYM-/ O-8 O-.
"Bay Financial, which said it may be forced to file under Chapter 11 if it can't reach an agreement with its lenders to relieve its debt burden, plunged 1 3/8 to 2 1/8.","O-Bay O-Financial O-, O-which O-said O-it O-may O-be O-forced O-to O-file O-under O-Chapter O-11 O-if O-it O-ca O-n X-' X-t O-reach O-an O-agreement O-with O-its O-lend X-##ers O-to O-relieve O-its O-debt O-burden O-, O-plunged O-1 O-3 B-SYM-/ O-8 O-to O-2 O-1 B-SYM-/ O-8 O-."
"Among active Amex issues, the American depositary receipts of B.A.T Industries fell 1/4 to 11 3/4 on turnover of 885,800.","O-Among O-active O-Am X-##ex O-issues O-, O-the O-American O-deposit X-##ary O-re X-##ceipt X-##s O-of O-B X-. X-A X-. X-T O-Industries O-fell O-1 B-SYM-/ O-4 O-to O-11 O-3 B-SYM-/ O-4 O-on O-turnover O-of O-88 X-##5 X-, X-800 O-."
"Fruit of the Loom slipped 1/8 to 12 3/8 on 501,200 shares.","O-Fruit O-of O-the O-Lo X-##om O-slipped O-1 B-SYM-/ O-8 O-to O-12 O-3 B-SYM-/ O-8 O-on O-501 X-, X-200 O-shares O-."
"DWG Corp. jumped 1 1/4 to 15 on 454,100 shares.","O-D X-##W X-##G O-Corp O-. O-jumped O-1 O-1 B-SYM-/ O-4 O-to O-15 O-on O-45 X-##4 X-, X-100 O-shares O-."
"Carnival Cruise Lines Class A dropped 1 to 21 1/8 on 331,400 shares.","O-Carnival O-Cruise O-Lines O-Class O-A O-dropped O-1 O-to O-21 O-1 B-SYM-/ O-8 O-on O-33 X-##1 X-, X-400 O-shares O-."
"Eastern's Class F preferred rose 12%, or 1 1/4, to 11 3/4; the Class E preferred gained 7%, or 5/8, to 10 1/4.","O-Eastern O-' X-s O-Class O-F O-preferred O-rose O-12 O-% O-, O-or O-1 O-1 B-SYM-/ O-4 O-, O-to O-11 O-3 B-SYM-/ O-4 O-; O-the O-Class O-E O-preferred O-gained O-7 O-% O-, O-or O-5 B-SYM-/ O-8 O-, O-to O-10 O-1 B-SYM-/ O-4 O-."
"The biggest percentage gainer on the Amex was Enviropact, which jumped 23%, or 5/8, to 3 3/8 on volume of 29,000 shares.","O-The O-biggest O-percentage O-gain X-##er O-on O-the O-Am X-##ex O-was O-En X-##vir X-##op X-##act O-, O-which O-jumped O-23 O-% O-, O-or O-5 B-SYM-/ O-8 O-, O-to O-3 O-3 B-SYM-/ O-8 O-on O-volume O-of O-29 X-, X-000 O-shares O-."
"Mission Resource Partners advanced 8%, or 1 3/8, to 18 7/8.","O-Mission O-Resource O-Partners O-advanced O-8 O-% O-, O-or O-1 O-3 B-SYM-/ O-8 O-, O-to O-18 O-7 B-SYM-/ O-8 O-."
"Safeco fell 1/8 to 32 5/8 on 462,900 shares.","O-Safe X-##co O-fell O-1 B-SYM-/ O-8 O-to O-32 O-5 B-SYM-/ O-8 O-on O-46 X-##2 X-, X-900 O-shares O-."
"Ohio Casualty rose 1/4 to 51 3/4 on 137,200 shares.","O-Ohio O-C X-##as X-##ual X-##ty O-rose O-1 B-SYM-/ O-4 O-to O-51 O-3 B-SYM-/ O-4 O-on O-137 X-, X-200 O-shares O-."
"St. Paul Cos. jumped 2 to 59 3/4 on 517,500 shares.","O-St X-. O-Paul O-Co X-##s O-. O-jumped O-2 O-to O-59 O-3 B-SYM-/ O-4 O-on O-51 X-##7 X-, X-500 O-shares O-."
Academy Insurance fell 1/32 to 1 3/16; but volume totaled 1.2 million shares.,O-Academy O-Insurance O-fell O-1 B-SYM-/ O-32 O-to O-1 O-3 B-SYM-/ O-16 O-; O-but O-volume O-totaled O-1 X-. X-2 O-million O-shares O-.
"SunGard's stock rose 1 3/4 to 21 1/4 on 194,000 shares.","O-Sun X-##G X-##ard O-' X-s O-stock O-rose O-1 O-3 B-SYM-/ O-4 O-to O-21 O-1 B-SYM-/ O-4 O-on O-194 X-, X-000 O-shares O-."
"Shares of Kasler, a California road and bridge builder, were heavily traded, jumping 2 1/8 to 9 7/8 on 1.3 million shares.","O-S X-##hare X-##s O-of O-Ka X-##sler O-, O-a O-California O-road O-and O-bridge O-builder O-, O-were O-heavily O-traded O-, O-jumping O-2 O-1 B-SYM-/ O-8 O-to O-9 O-7 B-SYM-/ O-8 O-on O-1 X-. X-3 O-million O-shares O-."
"Guy F. Atkinson added 7/8 to 16 7/8, on 335,700 shares.","O-Guy O-F X-. O-Atkinson O-added O-7 B-SYM-/ O-8 O-to O-16 O-7 B-SYM-/ O-8 O-, O-on O-335 X-, X-700 O-shares O-."
Apple Computer gained 1 to 48 1/4; Ashton-Tate rose 3/8 to 10 3/8.,O-Apple O-Computer O-gained O-1 O-to O-48 O-1 B-SYM-/ O-4 O-; O-Ashton X-- X-Tate O-rose O-3 B-SYM-/ O-8 O-to O-10 O-3 B-SYM-/ O-8 O-.
Intel also added 3/8 to 33 7/8.,O-Intel O-also O-added O-3 B-SYM-/ O-8 O-to O-33 O-7 B-SYM-/ O-8 O-.
But Sun Microsystems slipped 1/4 to 17 1/4.,O-But O-Sun O-Micro X-##sy X-##ste X-##ms O-slipped O-1 B-SYM-/ O-4 O-to O-17 O-1 B-SYM-/ O-4 O-.
Chiron was up 1/2 to 27 and Cetus gained 1/2 to 16 3/8.,O-Chi X-##ron O-was O-up O-1 B-SYM-/ O-2 O-to O-27 O-and O-Ce X-##tus O-gained O-1 B-SYM-/ O-2 O-to O-16 O-3 B-SYM-/ O-8 O-.
Microsoft advanced 1 7/8 to 80 1/2 and Lotus Development added 1 1/4 to 32 1/2.,O-Microsoft O-advanced O-1 O-7 B-SYM-/ O-8 O-to O-80 O-1 B-SYM-/ O-2 O-and O-Lotus O-Development O-added O-1 O-1 B-SYM-/ O-4 O-to O-32 O-1 B-SYM-/ O-2 O-.
"In other trading, Medco Containment Services gained 7/8 to 15 on 1.9 million shares after reporting a loss for the first quarter, which ended Sept. 30.","O-In O-other O-trading O-, O-Me X-##d X-##co O-Con X-##tain X-##ment O-Services O-gained O-7 B-SYM-/ O-8 O-to O-15 O-on O-1 X-. X-9 O-million O-shares O-after O-reporting O-a O-loss O-for O-the O-first O-quarter O-, O-which O-ended O-Sept X-. O-30 O-."
Jaguar's American depositary receipts added 3/8 to 10 3/4 on volume of 1.1 million.,O-Jaguar O-' X-s O-American O-deposit X-##ary O-re X-##ceipt X-##s O-added O-3 B-SYM-/ O-8 O-to O-10 O-3 B-SYM-/ O-4 O-on O-volume O-of O-1 X-. X-1 O-million O-.
Amgen rose 1 1/2 to 50 3/4 in heavy trading.,O-Am X-##gen O-rose O-1 O-1 B-SYM-/ O-2 O-to O-50 O-3 B-SYM-/ O-4 O-in O-heavy O-trading O-.
"The B/T gene rearrangement test is more accurate than existing tests for diagnosing the type of cancer, whether it has spread or whether there is a recurrence following treatment, said Oncor President Stephen Turner.","O-The O-B B-SYM-/ O-T O-gene O-rear X-##rang X-##ement O-test O-is O-more O-accurate O-than O-existing O-tests O-for O-di X-##ag X-##nos X-##ing O-the O-type O-of O-cancer O-, O-whether O-it O-has O-spread O-or O-whether O-there O-is O-a O-re X-##cu X-##rrence O-following O-treatment O-, O-said O-On X-##cor O-President O-Stephen O-Turner O-."
"Mr. Stevens said he kept a ""buy/hold"" recommendation on the stock only because ""all the damage has been done.""","O-Mr X-. O-Stevens O-said O-he O-kept O-a O-"" O-buy B-SYM-/ O-hold O-"" O-recommendation O-on O-the O-stock O-only O-because O-"" O-all O-the O-damage O-has O-been O-done O-. O-"""
"He said the stock hasn't traded below 1 1/2 times book value over the past 10 years, which at the moment computes to a stock price of $100.","O-He O-said O-the O-stock O-has O-n X-' X-t O-traded O-below O-1 O-1 B-SYM-/ O-2 O-times O-book O-value O-over O-the O-past O-10 O-years O-, O-which O-at O-the O-moment O-com X-##pute X-##s O-to O-a O-stock O-price O-of O-$ O-100 O-."
"But the AS/400, IBM's highly successful minicomputer line, is losing its momentum, and some analysts said sales could even decline in the fourth quarter.","O-But O-the O-AS B-SYM-/ O-400 O-, O-IBM O-' X-s O-highly O-successful O-mini X-##com X-##pute X-##r O-line O-, O-is O-losing O-its O-momentum O-, O-and O-some O-analysts O-said O-sales O-could O-even O-decline O-in O-the O-fourth O-quarter O-."
"Far from being minimalist, the music unabatingly torments us with apparent novelties not so cleverly disguised in the simplicities of 4/4 time, octave intervals, and ragtime or gospel chord progressions.","O-Far O-from O-being O-minimal X-##ist O-, O-the O-music O-un X-##aba X-##ting X-##ly O-torment X-##s O-us O-with O-apparent O-novel X-##ties O-not O-so O-clever X-##ly O-disguised O-in O-the O-si X-##mp X-##licit X-##ies O-of O-4 B-SYM-/ O-4 O-time O-, O-o X-##ct X-##ave O-intervals O-, O-and O-rag X-##time O-or O-gospel O-chord O-progression X-##s O-."
"The stock, which finished Monday at 29 1/2, traded as high as 29 3/4 and as low as 28 3/4 before closing at 29 1/4, down 1/4.","O-The O-stock O-, O-which O-finished O-Monday O-at O-29 O-1 B-SYM-/ O-2 O-, O-traded O-as O-high O-as O-29 O-3 B-SYM-/ O-4 O-and O-as O-low O-as O-28 O-3 B-SYM-/ O-4 O-before O-closing O-at O-29 O-1 B-SYM-/ O-4 O-, O-down O-1 B-SYM-/ O-4 O-."
"The stock tumbled 2 3/4 on news that it might have to take a charge against earnings if it can't successfully resolve a dispute with its European licensee, Boehringer Mannheim, over its anti-anemia drug, EPO.","O-The O-stock O-tumbled O-2 O-3 B-SYM-/ O-4 O-on O-news O-that O-it O-might O-have O-to O-take O-a O-charge O-against O-earnings O-if O-it O-ca O-n X-' X-t O-successfully O-resolve O-a O-dispute O-with O-its O-European O-license X-##e O-, O-Bo X-##eh X-##ring X-##er O-Mann X-##heim O-, O-over O-its O-anti X-- X-an X-##emia O-drug O-, O-EP X-##O O-."
The stock recovered somewhat to finish 1 1/4 lower at 26 1/4.,O-The O-stock O-recovered O-somewhat O-to O-finish O-1 O-1 B-SYM-/ O-4 O-lower O-at O-26 O-1 B-SYM-/ O-4 O-.
Price Co. jumped 2 1/4 to 44 on 1.7 million shares.,O-Price O-Co X-. O-jumped O-2 O-1 B-SYM-/ O-4 O-to O-44 O-on O-1 X-. X-7 O-million O-shares O-.
Its shares added 3/4 to 30 3/4.,O-Its O-shares O-added O-3 B-SYM-/ O-4 O-to O-30 O-3 B-SYM-/ O-4 O-.
MCI Communications tumbled 2 5/8 to 42 3/8 on 4.7 million shares even though the telecommunications giant reported a 63% increase in third-quarter profit.,O-MC X-##I O-Communications O-tumbled O-2 O-5 B-SYM-/ O-8 O-to O-42 O-3 B-SYM-/ O-8 O-on O-4 X-. X-7 O-million O-shares O-even O-though O-the O-telecommunications O-giant O-reported O-a O-63 O-% O-increase O-in O-third X-- X-quarter O-profit O-.
CoreStates Financial slipped 3/8 to 43 1/8 in active trading after reporting that third-quarter earnings improved to $1.27 a share from $1.15 a share a year earlier.,O-Core X-##S X-##tate X-##s O-Financial O-slipped O-3 B-SYM-/ O-8 O-to O-43 O-1 B-SYM-/ O-8 O-in O-active O-trading O-after O-reporting O-that O-third X-- X-quarter O-earnings O-improved O-to O-$ O-1 X-. X-27 O-a O-share O-from O-$ O-1 X-. X-15 O-a O-share O-a O-year O-earlier O-.
A&W Brands lost 1/4 to 27.,O-A O-& O-W O-Brand X-##s O-lost O-1 B-SYM-/ O-4 O-to O-27 O-.
Capital Associates dropped 1 to 5 3/8.,O-Capital O-Associates O-dropped O-1 O-to O-5 O-3 B-SYM-/ O-8 O-.
"WYSE TECHNOLOGY INC., San Jose, maker of video display terminals and workstations and IBM/PC compatible computers, annual sales of $452 million, slight structural damage at headquarters, no injuries, expects to be back to full operation today.","O-W X-##Y X-##SE O-T X-##EC X-##H X-##N X-##OL X-##O X-##G X-##Y O-IN X-##C X-. O-, O-San O-Jose O-, O-maker O-of O-video O-display O-terminals O-and O-works X-##tations O-and O-IBM B-SYM-/ O-PC O-compatible O-computers O-, O-annual O-sales O-of O-$ O-45 X-##2 O-million O-, O-slight O-structural O-damage O-at O-headquarters O-, O-no O-injuries O-, O-expects O-to O-be O-back O-to O-full O-operation O-today O-."
They add that the Fed has allowed the key federal funds interest rate to dip to about 8 5/8% from its levels of just below 9% last week.,O-They O-add O-that O-the O-Fed O-has O-allowed O-the O-key O-federal O-funds O-interest O-rate O-to O-dip O-to O-about O-8 O-5 B-SYM-/ O-8 O-% O-from O-its O-levels O-of O-just O-below O-9 O-% O-last O-week O-.
"Jaguar's American depositary receipts were up 3/8 yesterday in a down market, closing at 10 3/8.","O-Jaguar O-' X-s O-American O-deposit X-##ary O-re X-##ceipt X-##s O-were O-up O-3 B-SYM-/ O-8 O-yesterday O-in O-a O-down O-market O-, O-closing O-at O-10 O-3 B-SYM-/ O-8 O-."
"Clifford Stahl, president and chief investment officer of C-S Capital Advisors Inc., two weeks ago sold his Cincinnati firm's 107,100 Jaguar ADRs at about 10 each, making a tidy profit on a holding purchased at 4 7/8 in early May.","O-Clifford O-St X-##ahl O-, O-president O-and O-chief O-investment O-officer O-of O-C X-- X-S O-Capital O-Advisor X-##s O-Inc X-. O-, O-two O-weeks O-ago O-sold O-his O-Cincinnati O-firm O-' X-s O-107 X-, X-100 O-Jaguar O-AD X-##R X-##s O-at O-about O-10 O-each O-, O-making O-a O-t X-##idy O-profit O-on O-a O-holding O-purchased O-at O-4 O-7 B-SYM-/ O-8 O-in O-early O-May O-."
"The 30-year bond lost 1 3/4 points, or $17.50 for each $1,000 face amount.","O-The O-30 X-- X-year O-bond O-lost O-1 O-3 B-SYM-/ O-4 O-points O-, O-or O-$ O-17 X-. X-50 O-for O-each O-$ O-1 X-, X-000 O-face O-amount O-."
(212) 581-7907.,O-( O-212 B-SYM-) O-58 X-##1 X-- X-79 X-##0 X-##7 O-.
(619) 236-6510.,O-( O-61 X-##9 B-SYM-) O-236 X-- X-65 X-##10 O-.
"Mr. Johnson, 45 years old, has been a consultant on strategy to Fannie Mae for the past 3 1/2 years.","O-Mr X-. O-Johnson O-, O-45 O-years O-old O-, O-has O-been O-a O-consultant O-on O-strategy O-to O-Fan X-##nie O-Mae O-for O-the O-past O-3 O-1 B-SYM-/ O-2 O-years O-."
"The new agreement will last for 3 1/2 years starting July 1, 1990, when the current agreement expires.","O-The O-new O-agreement O-will O-last O-for O-3 O-1 B-SYM-/ O-2 O-years O-starting O-July O-1 O-, O-1990 O-, O-when O-the O-current O-agreement O-ex X-##pire X-##s O-."
"In addition, the regime has established well-paid paramilitary forces totaling more than 100,000, including 35,000 Soviet-trained troops of the Interior Ministry (KHAD/WAD), which still is directed by 1,500 Soviet KGB officers.","O-In O-addition O-, O-the O-regime O-has O-established O-well X-- X-paid O-paramilitary O-forces O-totaling O-more O-than O-100 X-, X-000 O-, O-including O-35 X-, X-000 O-Soviet X-- X-trained O-troops O-of O-the O-Interior O-Ministry O-( O-K X-##HA X-##D B-SYM-/ O-WA X-##D O-) O-, O-which O-still O-is O-directed O-by O-1 X-, X-500 O-Soviet O-K X-##GB O-officers O-."
"Ms. Klass, editor and co-author of ""Afghanistan: The Great Game Revisited"" (Freedom House), directs the Freedom House program on Afghanistan/Southwest Asia.","O-Ms O-. O-K X-##lass O-, O-editor O-and O-co X-- X-author O-of O-"" O-Afghanistan O-: O-The O-Great O-Game O-Rev X-##isi X-##ted O-"" O-( O-Freedom O-House O-) O-, O-directs O-the O-Freedom O-House O-program O-on O-Afghanistan B-SYM-/ O-Southwest O-Asia O-."
"The intruder, among the broadest yet to hit a research network, appeared to affect only Digital Equipment Corp. hardware that uses Digital's VAX/VMS operating system.","O-The O-in X-##truder O-, O-among O-the O-broad X-##est O-yet O-to O-hit O-a O-research O-network O-, O-appeared O-to O-affect O-only O-Digital O-Equipment O-Corp O-. O-hardware O-that O-uses O-Digital O-' X-s O-VA X-##X B-SYM-/ O-V X-##MS O-operating O-system O-."
"Spokesmen for the television networks of CBS Inc. and Capital Cities/ABC Inc., say there are no plans to alter the children's line-up on Saturday mornings.","O-S X-##po X-##kes X-##men O-for O-the O-television O-networks O-of O-CBS O-Inc X-. O-and O-Capital O-Cities B-SYM-/ O-ABC O-Inc X-. O-, O-say O-there O-are O-no O-plans O-to O-alter O-the O-children O-' X-s O-line X-- X-up O-on O-Saturday O-mornings O-."
The agreement also includes the purchase of Cross & Trecker's Warner & Swasey (Switzerland) AG unit by a European affiliate of Murata Machinery.,O-The O-agreement O-also O-includes O-the O-purchase O-of O-Cross O-& O-T X-##reck X-##er O-' X-s O-Warner O-& O-S X-##was X-##ey O-( O-Switzerland B-SYM-) O-AG O-unit O-by O-a O-European O-affiliate O-of O-Mu X-##rata O-Machine X-##ry O-.
"One customer, Donald Blaggs of Mobile, says the Barrett Rake allowed him to do his lawn in 2 1/2 hours, two hours less than usual.","O-One O-customer O-, O-Donald O-B X-##lag X-##gs O-of O-Mobile O-, O-says O-the O-Barrett O-Ra X-##ke O-allowed O-him O-to O-do O-his O-lawn O-in O-2 O-1 B-SYM-/ O-2 O-hours O-, O-two O-hours O-less O-than O-usual O-."
"""Trading in dollar/mark looked like the Dow's shadow, to a point,"" said Jeffrey M. Mondschein, managing director in charge of foreign-exchange operations at Continental Bank in Chicago.","O-"" O-Trading O-in O-dollar B-SYM-/ O-mark O-looked O-like O-the O-Dow O-' X-s O-shadow O-, O-to O-a O-point O-, X-"" O-said O-Jeffrey O-M X-. O-Mon X-##ds X-##che X-##in O-, O-managing O-director O-in O-charge O-of O-foreign X-- X-exchange O-operations O-at O-Continental O-Bank O-in O-Chicago O-."
"""If you take away the stock-market brouhaha of the last few days, you still have lower {U.S.} interest rates, lower {U.S.} capacity utilization, and concern about quarterly earnings and general economic strength -- or lack thereof,"" said Mr. Mondschein, ""so you wonder what the level of the dollar should be.""","O-"" O-If O-you O-take O-away O-the O-stock X-- X-market O-br X-##ou X-##ha X-##ha O-of O-the O-last O-few O-days O-, O-you O-still O-have O-lower B-SYM-{ O-U X-. X-S X-. B-SYM-} O-interest O-rates O-, O-lower O-{ O-U X-. X-S X-. O-} O-capacity O-u X-##til X-##ization O-, O-and O-concern O-about O-quarterly O-earnings O-and O-general O-economic O-strength O-- X-- O-or O-lack O-thereof O-, X-"" O-said O-Mr X-. O-Mon X-##ds X-##che X-##in O-, O-"" O-so O-you O-wonder O-what O-the O-level O-of O-the O-dollar O-should O-be O-. O-"""
PRIME RATE: 10 1/2%.,O-PR X-##IM X-##E O-RA X-##TE O-: O-10 O-1 B-SYM-/ O-2 O-% O-.
"FEDERAL FUNDS: 8 11/16% high, 8 5/8% low, 8 5/8% near closing bid, 8 11/16% offered.","O-F X-##ED X-##ER X-##AL O-F X-##UN X-##DS O-: O-8 O-11 B-SYM-/ O-16 O-% O-high O-, O-8 O-5 B-SYM-/ O-8 O-% O-low O-, O-8 O-5 B-SYM-/ O-8 O-% O-near O-closing O-bid O-, O-8 O-11 B-SYM-/ O-16 O-% O-offered O-."
CALL MONEY: 9 3/4% to 10%.,O-CA X-##LL O-M X-##ON X-##E X-##Y O-: O-9 O-3 B-SYM-/ O-4 O-% O-to O-10 O-% O-.
LONDON LATE EURODOLLARS: 8 5/8% to 8 1/2% one month; 8 9/16% to 8 7/16% two months; 8 9/16% to 8 7/16% three months; 8 1/2% to 8 3/8% four months; 8 7/16% to 8 5/ 16% five months; 8 7/16% to 8 5/16% six months.,O-L X-##ON X-##D X-##ON O-LA X-##TE O-EU X-##RO X-##D X-##OL X-##LA X-##RS O-: O-8 O-5 B-SYM-/ O-8 O-% O-to O-8 O-1 B-SYM-/ O-2 O-% O-one O-month O-; O-8 O-9 B-SYM-/ O-16 O-% O-to O-8 O-7 B-SYM-/ O-16 O-% O-two O-months O-; O-8 O-9 B-SYM-/ O-16 O-% O-to O-8 O-7 B-SYM-/ O-16 O-% O-three O-months O-; O-8 O-1 B-SYM-/ O-2 O-% O-to O-8 O-3 B-SYM-/ O-8 O-% O-four O-months O-; O-8 O-7 B-SYM-/ O-16 O-% O-to O-8 O-5 B-SYM-/ O-16 O-% O-five O-months O-; O-8 O-7 B-SYM-/ O-16 O-% O-to O-8 O-5 B-SYM-/ O-16 O-% O-six O-months O-.
LONDON INTERBANK OFFERED RATES (LIBOR): 8 5/8% one month; 8 9/16% three months; 8 7/16% six months; 8 7/16% one year.,O-L X-##ON X-##D X-##ON O-IN X-##TE X-##RB X-##AN X-##K O-OF X-##F X-##ER X-##ED O-RA X-##TE X-##S O-( O-L X-##IB X-##OR O-) O-: O-8 O-5 B-SYM-/ O-8 O-% O-one O-month O-; O-8 O-9 B-SYM-/ O-16 O-% O-three O-months O-; O-8 O-7 B-SYM-/ O-16 O-% O-six O-months O-; O-8 O-7 B-SYM-/ O-16 O-% O-one O-year O-.
"FEDERAL NATIONAL MORTGAGE ASSOCIATION (Fannie Mae): Posted yields on 30 year mortgage commitments for delivery within 30 days (priced at par) 9.80%, standard conventional fixed-rate mortgages; 8.70%, 6/2 rate capped one-year adjustable rate mortgages.","O-F X-##ED X-##ER X-##AL O-N X-##AT X-##ION X-##AL O-M X-##OR X-##T X-##GA X-##GE O-AS X-##SO X-##CI X-##AT X-##ION O-( O-Fan X-##nie O-Mae O-) O-: O-Post X-##ed O-yields O-on O-30 O-year O-mortgage O-commitments O-for O-delivery O-within O-30 O-days O-( O-priced O-at O-par B-SYM-) O-9 X-. X-80 O-% O-, O-standard O-conventional O-fixed X-- X-rate O-mortgage X-##s O-; O-8 X-. X-70 O-% O-, O-6 B-SYM-/ O-2 O-rate O-capped O-one X-- X-year O-adjust X-##able O-rate O-mortgage X-##s O-."
"Before the 1987 crash, the P/E was more than 20.","O-Before O-the O-1987 O-crash O-, O-the O-P B-SYM-/ O-E O-was O-more O-than O-20 O-."
"After he had been head of the company for 3 1/2 years, he and his partners sold it to Phibro, a powerful commodity trading outfit, for $550 million in Phibro stock.","O-After O-he O-had O-been O-head O-of O-the O-company O-for O-3 O-1 B-SYM-/ O-2 O-years O-, O-he O-and O-his O-partners O-sold O-it O-to O-Phi X-##bro O-, O-a O-powerful O-commodity O-trading O-outfit O-, O-for O-$ O-550 O-million O-in O-Phi X-##bro O-stock O-."
Miss Shlaes is editorial features editor of The Wall Street Journal/Europe.,O-Miss O-S X-##hl X-##ae X-##s O-is O-editorial O-features O-editor O-of O-The O-Wall O-Street O-Journal B-SYM-/ O-Europe O-.
"Fleet/Norstar Financial Group reported a 12% increase in net income in the third quarter, led by a 43% gain in its financial services group.","O-Fleet B-SYM-/ O-Nor X-##star O-Financial O-Group O-reported O-a O-12 O-% O-increase O-in O-net O-income O-in O-the O-third O-quarter O-, O-led O-by O-a O-43 O-% O-gain O-in O-its O-financial O-services O-group O-."
"Working Woman and Working Mother have operated as part of Working Woman/McCall's Group, a less-than-successful joint venture between Mr. Lang and Time Warner Inc.","O-Working O-Woman O-and O-Working O-Mother O-have O-operated O-as O-part O-of O-Working O-Woman B-SYM-/ O-M X-##c X-##C X-##all O-' X-s O-Group O-, O-a O-less X-- X-than X-- X-successful O-joint O-venture O-between O-Mr X-. O-Lang O-and O-Time O-Warner O-Inc O-."
"As a result, Canada's trade surplus with the U.S. narrowed to C$656.5 million (US$558 million) in August from C$1.23 billion (US$1.04 billion) in July.","O-As O-a O-result O-, O-Canada O-' X-s O-trade O-surplus O-with O-the O-U X-. X-S X-. O-narrowed O-to O-C O-$ O-65 X-##6 X-. X-5 O-million B-SYM-( O-US O-$ O-55 X-##8 O-million O-) O-in O-August O-from O-C O-$ O-1 X-. X-23 O-billion B-SYM-( O-US O-$ O-1 X-. X-04 O-billion O-) O-in O-July O-."
"But yesterday, as the morning wore on, some major West Coast refinery operators -- including Chevron Corp., Exxon Corp. and the Shell Oil Co. unit of Royal Dutch/Shell Group -- said their refineries weren't damaged and were continuing to operate normally.","O-But O-yesterday O-, O-as O-the O-morning O-wore O-on O-, O-some O-major O-West O-Coast O-re X-##finery O-operators O-- X-- O-including O-Ch X-##ev X-##ron O-Corp X-. O-, O-Ex X-##xon O-Corp X-. O-and O-the O-Shell O-Oil O-Co X-. O-unit O-of O-Royal O-Dutch B-SYM-/ O-Shell O-Group O-- X-- O-said O-their O-re X-##fine X-##ries O-were O-n X-' X-t O-damaged O-and O-were O-continuing O-to O-operate O-normally O-."
It already has allowed the closely watched federal funds rate to decline 1/4 percentage point to about 8 3/4% from its previous target level of about 9%.,O-It O-already O-has O-allowed O-the O-closely O-watched O-federal O-funds O-rate O-to O-decline O-1 B-SYM-/ O-4 O-percentage O-point O-to O-about O-8 O-3 B-SYM-/ O-4 O-% O-from O-its O-previous O-target O-level O-of O-about O-9 O-% O-.
"It ended at about 8 11/16% yesterday, but was as low as 8 1/2% Monday.","O-It O-ended O-at O-about O-8 O-11 B-SYM-/ O-16 O-% O-yesterday O-, O-but O-was O-as O-low O-as O-8 O-1 B-SYM-/ O-2 O-% O-Monday O-."
"The Treasury's benchmark 30-year bond fell more than 1/2 point, or over $5 for each $1,000 face amount, while the yield moved above 8% for the first time since Thursday.","O-The O-Treasury O-' X-s O-bench X-##mark O-30 X-- X-year O-bond O-fell O-more O-than O-1 B-SYM-/ O-2 O-point O-, O-or O-over O-$ O-5 O-for O-each O-$ O-1 X-, X-000 O-face O-amount O-, O-while O-the O-yield O-moved O-above O-8 O-% O-for O-the O-first O-time O-since O-Thursday O-."
"Some so-called high-quality junk issues, such as R.H. Macy & Co. 's 14 1/2% subordinated debentures, rose.","O-Some O-so X-- X-called O-high X-- X-quality O-junk O-issues O-, O-such O-as O-R X-. X-H O-. O-Macy O-& O-Co O-. O-' O-s O-14 O-1 B-SYM-/ O-2 O-% O-subordinate X-##d O-de X-##bent X-##ures O-, O-rose O-."
"""Underwriters of the TVA bonds reduced their market risk by selling Treasurys to cover at least part of their {TVA} holdings,"" said James R. Capra, a senior vice president at Shearson Lehman Government Securities Inc.","O-"" O-Under X-##writer X-##s O-of O-the O-TV X-##A O-bonds O-reduced O-their O-market O-risk O-by O-selling O-Treasury X-##s O-to O-cover O-at O-least O-part O-of O-their O-{ O-TV X-##A B-SYM-} O-holdings O-, X-"" O-said O-James O-R X-. O-Cap X-##ra O-, O-a O-senior O-vice O-president O-at O-Shea X-##rson O-Le X-##hman O-Government O-Securities O-Inc O-."
Treasury securities were essentially flat to about 1/2 point lower.,O-Treasury O-securities O-were O-essentially O-flat O-to O-about O-1 B-SYM-/ O-2 O-point O-lower O-.
"The benchmark 30-year bond was quoted late at 100 28/32 to yield 8.04%, compared with 101 19/32 to yield 7.97% Monday.","O-The O-bench X-##mark O-30 X-- X-year O-bond O-was O-quoted O-late O-at O-100 O-28 B-SYM-/ O-32 O-to O-yield O-8 X-. X-04 O-% O-, O-compared O-with O-101 O-19 B-SYM-/ O-32 O-to O-yield O-7 X-. X-97 O-% O-Monday O-."
"The latest 10-year notes were quoted late at 99 25/32 to yield 8.01%, compared with 100 1/32 to yield 7.97%.","O-The O-latest O-10 X-- X-year O-notes O-were O-quoted O-late O-at O-99 O-25 B-SYM-/ O-32 O-to O-yield O-8 X-. X-01 O-% O-, O-compared O-with O-100 O-1 B-SYM-/ O-32 O-to O-yield O-7 X-. X-97 O-% O-."
"Investment-grade corporate bonds ended 1/4 to 1/2 point lower, while most junk bonds ended unchanged.","O-Investment X-- X-grade O-corporate O-bonds O-ended O-1 B-SYM-/ O-4 O-to O-1 B-SYM-/ O-2 O-point O-lower O-, O-while O-most O-junk O-bonds O-ended O-unchanged O-."
"Ginnie Mae 9% securities for November delivery ended at 97 29/32, down 7/32; 9 1/2% securities at 99 31/32, down 6/32; and 10% securities at 101 29/32, down 5/32.","O-G X-##inn X-##ie O-Mae O-9 O-% O-securities O-for O-November O-delivery O-ended O-at O-97 O-29 B-SYM-/ O-32 O-, O-down O-7 B-SYM-/ O-32 O-; O-9 O-1 B-SYM-/ O-2 O-% O-securities O-at O-99 O-31 B-SYM-/ O-32 O-, O-down O-6 B-SYM-/ O-32 O-; O-and O-10 O-% O-securities O-at O-101 O-29 B-SYM-/ O-32 O-, O-down O-5 B-SYM-/ O-32 O-."
"Freddie Mac 9% securities were at 97 5/32, down 3/32.","O-Freddie O-Mac O-9 O-% O-securities O-were O-at O-97 O-5 B-SYM-/ O-32 O-, O-down O-3 B-SYM-/ O-32 O-."
Long tax-exempt dollar bonds were mostly flat to 3/8 point lower after a whipsaw session of moving inversely to stocks in modest dealer-led trading.,O-Long O-tax X-- X-exempt O-dollar O-bonds O-were O-mostly O-flat O-to O-3 B-SYM-/ O-8 O-point O-lower O-after O-a O-whip X-##sa X-##w O-session O-of O-moving O-inverse X-##ly O-to O-stocks O-in O-modest O-dealer X-- X-led O-trading O-.
The 6 3/4% notes yield 6.25%.,O-The O-6 O-3 B-SYM-/ O-4 O-% O-notes O-yield O-6 X-. X-25 O-% O-.
The 6 3/4% notes due April 1994 were up 0.10 point to 97.85 to yield 7.31%.,O-The O-6 O-3 B-SYM-/ O-4 O-% O-notes O-due O-April O-1994 O-were O-up O-0 X-. X-10 O-point O-to O-97 X-. X-85 O-to O-yield O-7 X-. X-31 O-% O-.
The Treasury 11 3/4% bond due 2003/2007 rose 23/32 to 112 10/32 to yield 10.03%.,O-The O-Treasury O-11 O-3 B-SYM-/ O-4 O-% O-bond O-due O-2003 B-SYM-/ O-2007 O-rose O-23 B-SYM-/ O-32 O-to O-112 O-10 B-SYM-/ O-32 O-to O-yield O-10 X-. X-03 O-% O-.
Intel rose 1 1/4 to 33 on 3.7 million shares.,O-Intel O-rose O-1 O-1 B-SYM-/ O-4 O-to O-33 O-on O-3 X-. X-7 O-million O-shares O-.
Tele-Communications gained 1 to 19 5/8 on 3.7 million shares.,O-Tel X-##e X-- X-Communications O-gained O-1 O-to O-19 O-5 B-SYM-/ O-8 O-on O-3 X-. X-7 O-million O-shares O-.
MCI Communications added 1 1/2 to 45 on 5.6 million shares.,O-MC X-##I O-Communications O-added O-1 O-1 B-SYM-/ O-2 O-to O-45 O-on O-5 X-. X-6 O-million O-shares O-.
Apple Computer advanced 1 to 46 3/4 on 3.8 million shares.,O-Apple O-Computer O-advanced O-1 O-to O-46 O-3 B-SYM-/ O-4 O-on O-3 X-. X-8 O-million O-shares O-.
Microsoft jumped 2 1/4 to 75 3/4 on 1.8 million shares.,O-Microsoft O-jumped O-2 O-1 B-SYM-/ O-4 O-to O-75 O-3 B-SYM-/ O-4 O-on O-1 X-. X-8 O-million O-shares O-.
But Sun Microsystems eased 1/4 to 17 1/4 on 3.6 million shares and Lotus Development was unchanged at 29 7/8.,O-But O-Sun O-Micro X-##sy X-##ste X-##ms O-eased O-1 B-SYM-/ O-4 O-to O-17 O-1 B-SYM-/ O-4 O-on O-3 X-. X-6 O-million O-shares O-and O-Lotus O-Development O-was O-unchanged O-at O-29 O-7 B-SYM-/ O-8 O-.
Skipper's rose 1/2 to 11 and National Pizza was unchanged at 17.,O-Ski X-##pper O-' X-s O-rose O-1 B-SYM-/ O-2 O-to O-11 O-and O-National O-Pizza O-was O-unchanged O-at O-17 O-.
"Among other takeover-related issues, LIN Broadcasting fell 2 3/4 to 104 3/4.","O-Among O-other O-takeover X-- X-related O-issues O-, O-L X-##IN O-Broadcasting O-fell O-2 O-3 B-SYM-/ O-4 O-to O-104 O-3 B-SYM-/ O-4 O-."
"McCaw Cellular Communications, a LIN suitor, rose 1 1/4 to 41 1/4.","O-M X-##c X-##C X-##aw O-Cell X-##ular O-Communications O-, O-a O-L X-##IN O-suit X-##or O-, O-rose O-1 O-1 B-SYM-/ O-4 O-to O-41 O-1 B-SYM-/ O-4 O-."
"The biggest percentage advancer was Grayhound Electronics, which jumped 73%, or 7 3/8, to 17 1/2.","O-The O-biggest O-percentage O-advance X-##r O-was O-Gray X-##hound O-Electronics O-, O-which O-jumped O-73 O-% O-, O-or O-7 O-3 B-SYM-/ O-8 O-, O-to O-17 O-1 B-SYM-/ O-2 O-."
"Its margin fell only seven basis points, or 7/100ths of a percentage point, from a year ago, compared with a 13-point drop at Security Pacific Corp. and much larger declines among banks in other parts of the country.","O-Its O-margin O-fell O-only O-seven O-basis O-points O-, O-or O-7 B-SYM-/ O-100th X-##s O-of O-a O-percentage O-point O-, O-from O-a O-year O-ago O-, O-compared O-with O-a O-13 X-- X-point O-drop O-at O-Security O-Pacific O-Corp X-. O-and O-much O-larger O-decline X-##s O-among O-banks O-in O-other O-parts O-of O-the O-country O-."
"Yesterday's rally was led by RJR Holdings 13 3/4% bonds, which initially tumbled three points, or $30 for each $1,000 face amount, to 96 1/4 before rebounding to 99 3/4.","O-Yesterday O-' X-s O-rally O-was O-led O-by O-R X-##J X-##R O-Holdings O-13 O-3 B-SYM-/ O-4 O-% O-bonds O-, O-which O-initially O-tumbled O-three O-points O-, O-or O-$ O-30 O-for O-each O-$ O-1 X-, X-000 O-face O-amount O-, O-to O-96 O-1 B-SYM-/ O-4 O-before O-re X-##bound X-##ing O-to O-99 O-3 B-SYM-/ O-4 O-."
"In contrast, he says, ""The stock market gained back only about half what it lost Friday, and the {government} bond market lost about half what it gained Friday.""","O-In O-contrast O-, O-he O-says O-, O-"" O-The O-stock O-market O-gained O-back O-only O-about O-half O-what O-it O-lost O-Friday O-, O-and O-the O-{ O-government B-SYM-} O-bond O-market O-lost O-about O-half O-what O-it O-gained O-Friday O-. O-"""
"According to participants, Mr. Gorbachev was particularly incensed by an article on the front page of Argumenty i Fakty this month that examined the popularity of members of the Soviet Parliament.","O-According O-to O-participants O-, O-Mr X-. O-Go X-##rb X-##ache X-##v O-was O-particularly O-in X-##cens X-##ed O-by O-an O-article O-on O-the O-front O-page O-of O-A X-##rg X-##ume X-##nt X-##y B-SYM-i O-F X-##ak X-##ty O-this O-month O-that O-examined O-the O-popularity O-of O-members O-of O-the O-Soviet O-Parliament O-."
"Capital Cities/ABC Inc., CBS Inc. and General Electric Co. 's National Broadcasting Co. unit are expected to announce soon a joint campaign to raise awareness about hunger.","O-Capital O-Cities B-SYM-/ O-ABC O-Inc X-. O-, O-CBS O-Inc X-. O-and O-General O-Electric O-Co O-. O-' O-s O-National O-Broadcasting O-Co X-. O-unit O-are O-expected O-to O-announce O-soon O-a O-joint O-campaign O-to O-raise O-awareness O-about O-hunger O-."
"This growth sector, which usually carries a price/earnings multiple about twice that of the Standard & Poor's 500, happens to include some of the market's most attractive bargains right now.","O-This O-growth O-sector O-, O-which O-usually O-carries O-a O-price B-SYM-/ O-earnings O-multiple O-about O-twice O-that O-of O-the O-Standard O-& O-Poor O-' X-s O-500 O-, O-happens O-to O-include O-some O-of O-the O-market O-' X-s O-most O-attractive O-bargain X-##s O-right O-now O-."
This Los Angeles company and its Union Federal Savings Bank subsidiary said more than 99% of their 7 1/4% convertible subordinated debentures due 2011 were tendered for conversion into UnionFed common stock.,O-This O-Los O-Angeles O-company O-and O-its O-Union O-Federal O-Savings O-Bank O-subsidiary O-said O-more O-than O-99 O-% O-of O-their O-7 O-1 B-SYM-/ O-4 O-% O-convertible O-subordinate X-##d O-de X-##bent X-##ures O-due O-2011 O-were O-tender X-##ed O-for O-conversion O-into O-Union X-##F X-##ed O-common O-stock O-.
Customers of either DataTimes or Dow Jones News/Retrieval are able to access the information on both services.,O-Custom X-##ers O-of O-either O-Data X-##T X-##imes O-or O-Dow O-Jones O-News B-SYM-/ O-Re X-##tri X-##eval O-are O-able O-to O-access O-the O-information O-on O-both O-services O-.
