"In other European markets, share prices closed sharply higher in Frankfurt and Zurich and posted moderate rises in Stockholm, Amsterdam and Milan.","O-In O-other O-European O-markets O-, O-share O-prices O-closed O-sharply B-RBR-higher O-in O-Frankfurt O-and O-Zurich O-and O-posted O-moderate O-rises O-in O-Stockholm O-, O-Amsterdam O-and O-Milan O-."
"Reynolds Metals Co. said third-quarter net income dropped nearly 10% to $123.7 million, or $2.10 a share, from $137.2 million, or $2.56 a share, a year earlier.","O-Reynolds O-Metal X-##s O-Co X-. O-said O-third X-- X-quarter O-net O-income O-dropped O-nearly O-10 O-% O-to O-$ O-123 X-. X-7 O-million O-, O-or O-$ O-2 X-. X-10 O-a O-share O-, O-from O-$ O-137 X-. X-2 O-million O-, O-or O-$ O-2 X-. X-56 O-a O-share O-, O-a O-year B-RBR-earlier O-."
Texas simply pumped harder.,O-Texas O-simply O-pumped B-RBR-harder O-.
"Japan and Europe, far more dependent on Mideast oil than the U.S., wouldn't offend the Arabs or trade off their precious supplies.","O-Japan O-and O-Europe O-, O-far B-RBR-more O-dependent O-on O-Mid X-##eas X-##t O-oil O-than O-the O-U X-. X-S X-. O-, O-would O-n X-' X-t O-off X-##end O-the O-Arabs O-or O-trade O-off O-their O-precious O-supplies O-."
Nor does it at all resemble (despite what some executives think) the more intimate variety offered at specialty parlors in bad parts of town.,O-Nor O-does O-it O-at O-all O-resemble O-( O-despite O-what O-some O-executives O-think O-) O-the B-RBR-more O-intimate O-variety O-offered O-at O-specialty O-parlor X-##s O-in O-bad O-parts O-of O-town O-.
"He succeeds William Kohut, who resigned earlier this year.","O-He O-succeeds O-William O-Ko X-##hu X-##t O-, O-who O-resigned B-RBR-earlier O-this O-year O-."
"Mr. Craven said his move to the chairmanship means he will take a less active role in the day-to-day management of the group, but he added that the merchant bank's strategic focus remains unchanged.","O-Mr X-. O-Craven O-said O-his O-move O-to O-the O-chairman X-##ship O-means O-he O-will O-take O-a B-RBR-less O-active O-role O-in O-the O-day X-- X-to X-- X-day O-management O-of O-the O-group O-, O-but O-he O-added O-that O-the O-merchant O-bank O-' X-s O-strategic O-focus O-remains O-unchanged O-."
"Eward and Whittington had planned to leave the bank earlier, but Mr. Craven had persuaded them to remain until the bank was in a healthy position.","O-E X-##ward O-and O-W X-##hit X-##ting X-##ton O-had O-planned O-to O-leave O-the O-bank B-RBR-earlier O-, O-but O-Mr X-. O-Craven O-had O-persuaded O-them O-to O-remain O-until O-the O-bank O-was O-in O-a O-healthy O-position O-."
"But the dollar later rebounded, finishing slightly higher against the yen although slightly lower against the mark.","O-But O-the O-dollar O-later O-re X-##bound X-##ed O-, O-finishing O-slightly B-RBR-higher O-against O-the O-ye X-##n O-although O-slightly O-lower O-against O-the O-mark O-."
"Fed officials appear reluctant to ease their credit grip any further because a bold move doesn't appear necessary, several investment managers said.","O-Fed O-officials O-appear O-reluctant O-to O-ease O-their O-credit O-grip O-any B-RBR-further O-because O-a O-bold O-move O-does O-n X-' X-t O-appear O-necessary O-, O-several O-investment O-managers O-said O-."
"Because it operates on a fiscal year, Bear Stearns's yearly filings are available much earlier than those of other firms.","O-Because O-it O-operates O-on O-a O-fiscal O-year O-, O-Bear O-St X-##ear X-##ns O-' X-s O-yearly O-filing X-##s O-are O-available O-much B-RBR-earlier O-than O-those O-of O-other O-firms O-."
"Net fell to $40.1 million, or $1.50 a share, from $60.7 million, or $2.32 a share, a year earlier.","O-Net O-fell O-to O-$ O-40 X-. X-1 O-million O-, O-or O-$ O-1 X-. X-50 O-a O-share O-, O-from O-$ O-60 X-. X-7 O-million O-, O-or O-$ O-2 X-. X-32 O-a O-share O-, O-a O-year B-RBR-earlier O-."
"In fact, some auto executives suggest that slackened demand for their cars in the U.S. and Canada is a blessing; otherwise they wouldn't be able to keep up with demand in the more profitable local market.","O-In O-fact O-, O-some O-auto O-executives O-suggest O-that O-slack X-##ened O-demand O-for O-their O-cars O-in O-the O-U X-. X-S X-. O-and O-Canada O-is O-a O-blessing O-; O-otherwise O-they O-would O-n X-' X-t O-be O-able O-to O-keep O-up O-with O-demand O-in O-the B-RBR-more O-profitable O-local O-market O-."
"Bush met with South Korean President Roh, who indicated that Seoul plans to further ease trade rules to ensure that its economy becomes as open as the other industrialized nations by the mid-1990s.","O-Bush O-met O-with O-South O-Korean O-President O-R X-##oh O-, O-who O-indicated O-that O-Seoul O-plans O-to B-RBR-further O-ease O-trade O-rules O-to O-ensure O-that O-its O-economy O-becomes O-as O-open O-as O-the O-other O-industrial X-##ized O-nations O-by O-the O-mid X-- X-1990s O-."
"Excluding those receipts, the government deficit would have totaled about #2.5 billion in the first six months, compared with #1.3 billion a year earlier, the Treasury said.","O-Ex X-##c X-##lu X-##ding O-those O-re X-##ceipt X-##s O-, O-the O-government O-deficit O-would O-have O-totaled O-about O-# O-2 X-. X-5 O-billion O-in O-the O-first O-six O-months O-, O-compared O-with O-# O-1 X-. X-3 O-billion O-a O-year B-RBR-earlier O-, O-the O-Treasury O-said O-."
Sales in the latest quarter rose 2% to $4.25 billion from $4.15 billion a year earlier.,O-Sales O-in O-the O-latest O-quarter O-rose O-2 O-% O-to O-$ O-4 X-. X-25 O-billion O-from O-$ O-4 X-. X-15 O-billion O-a O-year B-RBR-earlier O-.
"Dow blamed the third-quarter earnings drop on several factors, including softer prices for polyethylene and other basic chemicals, a slower U.S. economy and a stronger dollar, which made Dow's exports from the U.S. more expensive to overseas customers.","O-Dow O-blamed O-the O-third X-- X-quarter O-earnings O-drop O-on O-several O-factors O-, O-including O-softer O-prices O-for O-p X-##oly X-##eth X-##yle X-##ne O-and O-other O-basic O-chemicals O-, O-a O-slower O-U X-. X-S X-. O-economy O-and O-a O-stronger O-dollar O-, O-which O-made O-Dow O-' X-s O-exports O-from O-the O-U X-. X-S X-. B-RBR-more O-expensive O-to O-overseas O-customers O-."
But the average Indian had tremendous hope in the youthful leader and his promise to make both government and the ruling party more effective and less corrupt.,O-But O-the O-average O-Indian O-had O-tremendous O-hope O-in O-the O-youthful O-leader O-and O-his O-promise O-to O-make O-both O-government O-and O-the O-ruling O-party B-RBR-more O-effective O-and B-RBR-less O-corrupt O-.
Mr. Noriega's tips on emerging leftists at his school were deemed more important to U.S. interests.,O-Mr X-. O-Nor X-##ie X-##ga O-' X-s O-tips O-on O-emerging O-left X-##ists O-at O-his O-school O-were O-deemed B-RBR-more O-important O-to O-U X-. X-S X-. O-interests O-.
Yet he has proved more resilient than any of them.,O-Yet O-he O-has O-proved B-RBR-more O-re X-##si X-##lient O-than O-any O-of O-them O-.
"Luis Carlos, knowing that helping the Americans could advance the career of any Panamanian officer, relayed Tony's reports on the leftist tendencies he observed among his fellow students and, more important, among his officers and instructors.","O-Luis O-Carlos O-, O-knowing O-that O-helping O-the O-Americans O-could O-advance O-the O-career O-of O-any O-Panama X-##nian O-officer O-, O-relay X-##ed O-Tony O-' X-s O-reports O-on O-the O-left X-##ist O-tendencies O-he O-observed O-among O-his O-fellow O-students O-and O-, B-RBR-more O-important O-, O-among O-his O-officers O-and O-instructors O-."
"In his peaked military cap and neatly pressed, French-made uniform, Noriega felt more respected and powerful than ever in his underprivileged life, friends from the period say.","O-In O-his O-peaked O-military O-cap O-and O-neatly O-pressed O-, O-French X-- X-made O-uniform O-, O-Nor X-##ie X-##ga O-felt B-RBR-more O-respected O-and O-powerful O-than O-ever O-in O-his O-under X-##p X-##ri X-##vil X-##ege X-##d O-life O-, O-friends O-from O-the O-period O-say O-."
He rose to chief of intelligence in Panama's socalled G-2 in 1970 after providing populist dictator Torrijos the critical support to defeat a coup attempt against him a year earlier.,O-He O-rose O-to O-chief O-of O-intelligence O-in O-Panama O-' X-s O-so X-##cal X-##led O-G X-- X-2 O-in O-1970 O-after O-providing O-pop X-##uli X-##st O-dictator O-Tor X-##ri X-##jos O-the O-critical O-support O-to O-defeat O-a O-coup O-attempt O-against O-him O-a O-year B-RBR-earlier O-.
Matra said the sharp improvement in net profit partly reflected a decline of 59 million francs in the group's net loss from nonrecurring items in the first half of this year to 104 million francs from 163 million a year earlier.,O-Mat X-##ra O-said O-the O-sharp O-improvement O-in O-net O-profit O-partly O-reflected O-a O-decline O-of O-59 O-million O-f X-##ran X-##cs O-in O-the O-group O-' X-s O-net O-loss O-from O-non X-##re X-##cu X-##rring O-items O-in O-the O-first O-half O-of O-this O-year O-to O-104 O-million O-f X-##ran X-##cs O-from O-163 O-million O-a O-year B-RBR-earlier O-.
Matra said the sharp rise in its first-half earnings was based on a 15% gain in consolidated revenue to 10.16 billion francs from 8.85 billion a year earlier.,O-Mat X-##ra O-said O-the O-sharp O-rise O-in O-its O-first X-- X-half O-earnings O-was O-based O-on O-a O-15 O-% O-gain O-in O-consolidated O-revenue O-to O-10 X-. X-16 O-billion O-f X-##ran X-##cs O-from O-8 X-. X-85 O-billion O-a O-year B-RBR-earlier O-.
"Also, Mr. Savaiko noted, stock market investors seeking greater safety are veering toward buying bonds rather than precious metals because ""we are tending more toward a disinflationary economy that doesn't make gold and precious metals attractive.""","O-Also O-, O-Mr X-. O-Sa X-##va X-##iko O-noted O-, O-stock O-market O-investors O-seeking O-greater O-safety O-are O-ve X-##ering O-toward O-buying O-bonds O-rather O-than O-precious O-metals O-because O-"" O-we O-are O-tend X-##ing B-RBR-more O-toward O-a O-di X-##sin X-##f X-##lation X-##ary O-economy O-that O-does O-n X-' X-t O-make O-gold O-and O-precious O-metals O-attractive O-. O-"""
"Dinsa Mehta, chief bullion trader for Chase Manhattan Bank, said: ""There is little incentive on the part of traders to sell gold because the stock market may go lower and gold may retain some of its `flight to safety' quality.","O-Din X-##sa O-Me X-##hta O-, O-chief O-bull X-##ion O-trader O-for O-Chase O-Manhattan O-Bank O-, O-said O-: O-"" O-There O-is O-little O-incentive O-on O-the O-part O-of O-traders O-to O-sell O-gold O-because O-the O-stock O-market O-may O-go B-RBR-lower O-and O-gold O-may O-retain O-some O-of O-its O-` O-flight O-to O-safety O-' O-quality O-."
"There is little incentive to buy gold because if the stock market goes higher, it may be just a false alarm.","O-There O-is O-little O-incentive O-to O-buy O-gold O-because O-if O-the O-stock O-market O-goes B-RBR-higher O-, O-it O-may O-be O-just O-a O-false O-alarm O-."
"That compares with per-share earnings from continuing operations of 69 cents the year earlier; including discontinued operations, per-share was 88 cents a year ago.","O-That O-compares O-with O-per X-- X-share O-earnings O-from O-continuing O-operations O-of O-69 O-cents O-the O-year B-RBR-earlier O-; O-including O-discontinued O-operations O-, O-per X-- X-share O-was O-88 O-cents O-a O-year O-ago O-."
"He said the improvement was a result of cost savings achieved by consolidating manufacturing operations, blending two sales organizations and focusing more carefully the company's promotional activities.","O-He O-said O-the O-improvement O-was O-a O-result O-of O-cost O-savings O-achieved O-by O-con X-##sol X-##ida X-##ting O-manufacturing O-operations O-, O-blending O-two O-sales O-organizations O-and O-focusing B-RBR-more O-carefully O-the O-company O-' X-s O-promotional O-activities O-."
"""It raises questions about more deep-seated problems, the budget deficit and the trade deficit and the seeming lack of ability to come to grips with them.""","O-"" O-It O-raises O-questions O-about B-RBR-more O-deep X-- X-seated O-problems O-, O-the O-budget O-deficit O-and O-the O-trade O-deficit O-and O-the O-seeming O-lack O-of O-ability O-to O-come O-to O-grip X-##s O-with O-them O-. O-"""
"At the same time, William T. Archey, international vice president at the U.S. Chamber of Commerce, notes: ""Clearly the stronger dollar has made imports more attractive"" by causing their prices to decline.","O-At O-the O-same O-time O-, O-William O-T X-. O-Arch X-##ey O-, O-international O-vice O-president O-at O-the O-U X-. X-S X-. O-Chamber O-of O-Commerce O-, O-notes O-: O-"" O-Clearly O-the O-stronger O-dollar O-has O-made O-imports B-RBR-more O-attractive O-"" O-by O-causing O-their O-prices O-to O-decline O-."
Hydro-Quebec said Maine regulators' refusal to approve the contract earlier this year halted work on transmission lines and stopped negotiations for resale of electricity carried through Maine to other utilities.,O-H X-##ydro X-- X-Quebec O-said O-Maine O-regulator X-##s X-' O-refusal O-to O-approve O-the O-contract B-RBR-earlier O-this O-year O-halted O-work O-on O-transmission O-lines O-and O-stopped O-negotiations O-for O-re X-##sal X-##e O-of O-electricity O-carried O-through O-Maine O-to O-other O-utilities O-.
"""We won't sign any new contracts {with deliveries} beginning earlier than 2000,"" the Hydro-Quebec official said.","O-"" O-We O-w X-##o O-n X-' X-t O-sign O-any O-new O-contracts O-{ O-with O-deliver X-##ies O-} O-beginning B-RBR-earlier O-than O-2000 O-, X-"" O-the O-H X-##ydro X-- X-Quebec O-official O-said O-."
"Amending a 1988 return to claim a refund brings cash faster; but for personal losses, there are other factors to consider, notes publisher Prentice Hall.","O-Am X-##ending O-a O-1988 O-return O-to O-claim O-a O-re X-##fu X-##nd O-brings O-cash B-RBR-faster O-; O-but O-for O-personal O-losses O-, O-there O-are O-other O-factors O-to O-consider O-, O-notes O-publisher O-Prentice O-Hall O-."
"The proposed merger comes as K mart's profit is declining and sales at its core discount stores are rising more slowly than at such competitors as Wal-Mart Stores Inc. K mart, based in Troy, Mich., recently said net income would fall for the third consecutive quarter, after a 16% drop in the first half of its current fiscal year.","O-The O-proposed O-merger O-comes O-as O-K O-ma X-##rt O-' X-s O-profit O-is O-declining O-and O-sales O-at O-its O-core O-discount O-stores O-are O-rising B-RBR-more O-slowly O-than O-at O-such O-competitors O-as O-W X-##al X-- X-Mart O-Stores O-Inc O-. O-K O-ma X-##rt O-, O-based O-in O-Troy O-, O-Mi X-##ch X-. O-, O-recently O-said O-net O-income O-would O-fall O-for O-the O-third O-consecutive O-quarter O-, O-after O-a O-16 O-% O-drop O-in O-the O-first O-half O-of O-its O-current O-fiscal O-year O-."
Ms. McGlade of PaineWebber raised a more fundamental question about the deal.,O-Ms O-. O-M X-##c X-##G X-##lade O-of O-Pain X-##e X-##W X-##eb X-##ber O-raised O-a B-RBR-more O-fundamental O-question O-about O-the O-deal O-.
"Eastern said it is ahead of schedule in resuming its operations after filing earlier this year for Chapter 11 bankruptcy protection, from which it expects to emerge early next year.","O-Eastern O-said O-it O-is O-ahead O-of O-schedule O-in O-re X-##suming O-its O-operations O-after O-filing B-RBR-earlier O-this O-year O-for O-Chapter O-11 O-bankruptcy O-protection O-, O-from O-which O-it O-expects O-to O-emerge O-early O-next O-year O-."
"""The environment is a lot more trading-oriented,"" said Gary Rosenbach, manager of equity trading at the OTC stock firm Needham & Co. in New York.","O-"" O-The O-environment O-is O-a O-lot B-RBR-more O-trading X-- X-oriented O-, X-"" O-said O-Gary O-Rosen X-##bach O-, O-manager O-of O-equity O-trading O-at O-the O-O X-##TC O-stock O-firm O-Need X-##ham O-& O-Co X-. O-in O-New O-York O-."
The company reported that earnings from operations for the September quarter were up about 25% from a year earlier.,O-The O-company O-reported O-that O-earnings O-from O-operations O-for O-the O-September O-quarter O-were O-up O-about O-25 O-% O-from O-a O-year B-RBR-earlier O-.
"French crude-steel production in September was 1,616,000 metric tons, unchanged from a year earlier, according to the National Steel Manufacturers' Association.","O-French O-crude X-- X-steel O-production O-in O-September O-was O-1 X-, X-61 X-##6 X-, X-000 O-metric O-tons O-, O-unchanged O-from O-a O-year B-RBR-earlier O-, O-according O-to O-the O-National O-Steel O-Man X-##uf X-##act X-##urers X-' O-Association O-."
"The association said the September total brought French output for the first nine months this year to 14,789,000 tons, up 4.5% from a year earlier.","O-The O-association O-said O-the O-September O-total O-brought O-French O-output O-for O-the O-first O-nine O-months O-this O-year O-to O-14 X-, X-78 X-##9 X-, X-000 O-tons O-, O-up O-4 X-. X-5 O-% O-from O-a O-year B-RBR-earlier O-."
"""Our market got hit a lot harder on Monday than the listed market,"" Mr. Bruno said.","O-"" O-Our O-market O-got O-hit O-a O-lot B-RBR-harder O-on O-Monday O-than O-the O-listed O-market O-, X-"" O-Mr X-. O-Bruno O-said O-."
Additional cable partners could boost subscribers even further.,O-Additional O-cable O-partners O-could O-boost O-subscribers O-even B-RBR-further O-.
"Hachette S.A., a European media and publishing group, reported a small rise in its attributable first-half group profit, excluding exceptional items, to 133.8 million francs ($21.1 million) from 130.1 million francs a year earlier.","O-Ha X-##chet X-##te O-S X-. X-A X-. O-, O-a O-European O-media O-and O-publishing O-group O-, O-reported O-a O-small O-rise O-in O-its O-at X-##tri X-##but X-##able O-first X-- X-half O-group O-profit O-, O-excluding O-exceptional O-items O-, O-to O-133 X-. X-8 O-million O-f X-##ran X-##cs O-( X-$ O-21 X-. X-1 O-million O-) O-from O-130 X-. X-1 O-million O-f X-##ran X-##cs O-a O-year B-RBR-earlier O-."
"A year earlier, the company had a loss of $10.8 million, or $3.04 a share, on revenue of $10.8 million.","O-A O-year B-RBR-earlier O-, O-the O-company O-had O-a O-loss O-of O-$ O-10 X-. X-8 O-million O-, O-or O-$ O-3 X-. X-04 O-a O-share O-, O-on O-revenue O-of O-$ O-10 X-. X-8 O-million O-."
"A year earlier, fair-market value per share was $26.02 and book value was $9.43 a share.","O-A O-year B-RBR-earlier O-, O-fair X-- X-market O-value O-per O-share O-was O-$ O-26 X-. X-02 O-and O-book O-value O-was O-$ O-9 X-. X-43 O-a O-share O-."
The report takes a more alarmed view of AIDS and recommends a more sweeping response than many other analyses.,O-The O-report O-takes O-a B-RBR-more O-alarmed O-view O-of O-AIDS O-and O-recommend X-##s O-a B-RBR-more O-sweeping O-response O-than O-many O-other O-analyses O-.
"The B/T gene rearrangement test is more accurate than existing tests for diagnosing the type of cancer, whether it has spread or whether there is a recurrence following treatment, said Oncor President Stephen Turner.","O-The O-B O-/ O-T O-gene O-rear X-##rang X-##ement O-test O-is B-RBR-more O-accurate O-than O-existing O-tests O-for O-di X-##ag X-##nos X-##ing O-the O-type O-of O-cancer O-, O-whether O-it O-has O-spread O-or O-whether O-there O-is O-a O-re X-##cu X-##rrence O-following O-treatment O-, O-said O-On X-##cor O-President O-Stephen O-Turner O-."
"But the test may prove to be more sensitive in determining whether a tumor has spread or returned following treatment, Dr. Wilson said.","O-But O-the O-test O-may O-prove O-to O-be B-RBR-more O-sensitive O-in O-determining O-whether O-a O-tumor O-has O-spread O-or O-returned O-following O-treatment O-, O-Dr X-. O-Wilson O-said O-."
"Corning Inc. posted a 38% decline in third-quarter net income to $76.5 million, or 80 cents a share, from $123.9 million, or $1.37 a share, a year earlier.","O-Co X-##rn X-##ing O-Inc O-. O-posted O-a O-38 O-% O-decline O-in O-third X-- X-quarter O-net O-income O-to O-$ O-76 X-. X-5 O-million O-, O-or O-80 O-cents O-a O-share O-, O-from O-$ O-123 X-. X-9 O-million O-, O-or O-$ O-1 X-. X-37 O-a O-share O-, O-a O-year B-RBR-earlier O-."
"A year earlier, net included a $700,000 taxlow carry-forward.","O-A O-year B-RBR-earlier O-, O-net O-included O-a O-$ O-700 X-, X-000 O-tax X-##low O-carry X-- X-forward O-."
"In the interview, Mr. Reuter said he is thinking foremost of cooperation in the truck sector, but ""in the long run, I don't want to rule out that we can also come a bit closer in personal cars.""","O-In O-the O-interview O-, O-Mr X-. O-Re X-##uter O-said O-he O-is O-thinking O-foremost O-of O-cooperation O-in O-the O-truck O-sector O-, O-but O-"" O-in O-the O-long O-run O-, O-I O-do O-n X-' X-t O-want O-to O-rule O-out O-that O-we O-can O-also O-come O-a O-bit B-RBR-closer O-in O-personal O-cars O-. O-"""
"The dollar finished softer yesterday, tilted lower by continued concern about the stock market.","O-The O-dollar O-finished B-RBR-softer O-yesterday O-, O-tilted B-RBR-lower O-by O-continued O-concern O-about O-the O-stock O-market O-."
"Harris Trust's Mr. Woodland noted that the unit continues to show resilience in the face of a barrage of ""headline negatives"" in recent weeks, including rate increases in Europe and Japan, aggressive central bank intervention, a 190-point plunge in New York stock prices, an unexpectedly poor U.S. trade report and action by the Federal Reserve to nudge U.S. rates lower.","O-Harris O-Trust O-' X-s O-Mr X-. O-Woodland O-noted O-that O-the O-unit O-continues O-to O-show O-re X-##si X-##lie X-##nce O-in O-the O-face O-of O-a O-barrage O-of O-"" O-headline O-negative X-##s O-"" O-in O-recent O-weeks O-, O-including O-rate O-increases O-in O-Europe O-and O-Japan O-, O-aggressive O-central O-bank O-intervention O-, O-a O-190 X-- X-point O-p X-##lung X-##e O-in O-New O-York O-stock O-prices O-, O-an O-unexpectedly O-poor O-U X-. X-S X-. O-trade O-report O-and O-action O-by O-the O-Federal O-Reserve O-to O-n X-##udge O-U X-. X-S X-. O-rates B-RBR-lower O-."
A slight recovery in the stock market gave currency traders confidence to push the dollar higher before the unit dropped back by day's end.,O-A O-slight O-recovery O-in O-the O-stock O-market O-gave O-currency O-traders O-confidence O-to O-push O-the O-dollar B-RBR-higher O-before O-the O-unit O-dropped O-back O-by O-day O-' X-s O-end O-.
"International Business Machines Corp. said earnings tumbled 30% in the third quarter, even a bit further than expected, rendering the outlook doubtful for the next few quarters.","O-International O-Business O-Machine X-##s O-Corp O-. O-said O-earnings O-tumbled O-30 O-% O-in O-the O-third O-quarter O-, O-even O-a O-bit B-RBR-further O-than O-expected O-, O-rendering O-the O-outlook O-doubtful O-for O-the O-next O-few O-quarters O-."
"The Boston Globe says its newly redesigned pages have a ""crisper"" look with revamped fixtures aimed at making the paper ""more consistent"" and ""easier to read.""","O-The O-Boston O-Globe O-says O-its O-newly O-redesigned O-pages O-have O-a O-"" O-crisp X-##er O-"" O-look O-with O-re X-##va X-##mp X-##ed O-fixtures O-aimed O-at O-making O-the O-paper O-"" B-RBR-more O-consistent O-"" O-and O-"" O-easier O-to O-read O-. O-"""
"More recently, Sotheby's has predicted the collection will fetch $140 million.","B-RBR-More O-recently O-, O-So X-##the X-##by O-' X-s O-has O-predicted O-the O-collection O-will O-fetch O-$ O-140 O-million O-."
"The typical Glass audience, which is more likely to be composed of music students than their teachers, certainly does.","O-The O-typical O-Glass O-audience O-, O-which O-is B-RBR-more O-likely O-to O-be O-composed O-of O-music O-students O-than O-their O-teachers O-, O-certainly O-does O-."
"Softly introducing and explaining his pieces, Mr. Glass looks and sounds more like a shaggy poet describing his work than a classical pianist playing a recital.","O-Soft X-##ly O-introducing O-and O-explaining O-his O-pieces O-, O-Mr X-. O-Glass O-looks O-and O-sounds B-RBR-more O-like O-a O-s X-##ha X-##ggy O-poet O-describing O-his O-work O-than O-a O-classical O-pianist O-playing O-a O-re X-##ci X-##tal O-."
"Mr. Glass has inverted the famous modernist dictum ""less is more.""","O-Mr X-. O-Glass O-has O-inverted O-the O-famous O-modernist O-di X-##ct X-##um O-"" B-RBR-less O-is O-more O-. O-"""
His more is always less.,O-His B-RBR-more O-is O-always O-less O-.
His hands sit farther apart on the keyboard.,O-His O-hands O-sit B-RBR-farther O-apart O-on O-the O-keyboard O-.
"Contrasts predictably accumulate: First the music is loud, then it becomes soft, then (you realize) it becomes louder again.","O-Con X-##tras X-##ts O-predict X-##ably O-a X-##cc X-##um X-##ulate O-: O-First O-the O-music O-is O-loud O-, O-then O-it O-becomes O-soft O-, O-then O-( O-you O-realize O-) O-it O-becomes B-RBR-louder O-again O-."
"""Everybody's confused and no one has an opinion that lasts longer than 30 seconds,"" said Mr. Zipper.","O-"" O-Everybody O-' X-s O-confused O-and O-no O-one O-has O-an O-opinion O-that O-lasts B-RBR-longer O-than O-30 O-seconds O-, X-"" O-said O-Mr X-. O-Z X-##ip X-##per O-."
"Earlier this week, Genetics Institute reported wider losses in its fiscal third quarter ended Aug. 31.","B-RBR-Earlier O-this O-week O-, O-Gene X-##tics O-Institute O-reported O-wider O-losses O-in O-its O-fiscal O-third O-quarter O-ended O-Aug X-. O-31 O-."
CoreStates Financial slipped 3/8 to 43 1/8 in active trading after reporting that third-quarter earnings improved to $1.27 a share from $1.15 a share a year earlier.,O-Core X-##S X-##tate X-##s O-Financial O-slipped O-3 O-/ O-8 O-to O-43 O-1 O-/ O-8 O-in O-active O-trading O-after O-reporting O-that O-third X-- X-quarter O-earnings O-improved O-to O-$ O-1 X-. X-27 O-a O-share O-from O-$ O-1 X-. X-15 O-a O-share O-a O-year B-RBR-earlier O-.
"However, the bank holding company's loan-loss reserves rose to $177.3 million from $154 million a year earlier.","O-However O-, O-the O-bank O-holding O-company O-' X-s O-loan X-- X-loss O-reserves O-rose O-to O-$ O-177 X-. X-3 O-million O-from O-$ O-154 O-million O-a O-year B-RBR-earlier O-."
"A year earlier, the savings bank had earnings of $8.1 million, or 33 cents a share.","O-A O-year B-RBR-earlier O-, O-the O-savings O-bank O-had O-earnings O-of O-$ O-8 X-. X-1 O-million O-, O-or O-33 O-cents O-a O-share O-."
"-- If the stock stays at the same price between now and the put's expiration date, the investor's loss will be limited to the cost of the put, less any amount realized from a closing sale of the put.","O-- X-- O-If O-the O-stock O-stays O-at O-the O-same O-price O-between O-now O-and O-the O-put O-' X-s O-ex X-##piration O-date O-, O-the O-investor O-' X-s O-loss O-will O-be O-limited O-to O-the O-cost O-of O-the O-put O-, B-RBR-less O-any O-amount O-realized O-from O-a O-closing O-sale O-of O-the O-put O-."
"New, efficient and sophisticated processes make it easier for smaller, less cash-rich companies to make steel at a fraction of what Big Steel paid decades ago.","O-New O-, O-efficient O-and O-sophisticated O-processes O-make O-it O-easier O-for O-smaller O-, B-RBR-less O-cash X-- X-rich O-companies O-to O-make O-steel O-at O-a O-fraction O-of O-what O-Big O-Steel O-paid O-decades O-ago O-."
"""It's no longer enough to beat the guy down the street.","O-"" O-It O-' X-s O-no B-RBR-longer O-enough O-to O-beat O-the O-guy O-down O-the O-street O-."
He wants to see steelmakers more involved in computers and artificial intelligence.,O-He O-wants O-to O-see O-steel X-##makers B-RBR-more O-involved O-in O-computers O-and O-artificial O-intelligence O-.
"When they determined that GM needed parts more quickly, Armco convinced a steel service center to build a processing plant nearby so shipments could be delivered within 15 minutes.","O-When O-they O-determined O-that O-GM O-needed O-parts B-RBR-more O-quickly O-, O-Arm X-##co O-convinced O-a O-steel O-service O-center O-to O-build O-a O-processing O-plant O-nearby O-so O-shipment X-##s O-could O-be O-delivered O-within O-15 O-minutes O-."
"For example, when Detroit began talking about plastic-bodied cars, the American Iron and Steel Institute began a major lobbying effort to show auto makers how they could use steel more efficiently by simply redesigning how a car door is assembled.","O-For O-example O-, O-when O-Detroit O-began O-talking O-about O-plastic X-- X-bodied O-cars O-, O-the O-American O-Iron O-and O-Steel O-Institute O-began O-a O-major O-lobbying O-effort O-to O-show O-auto O-makers O-how O-they O-could O-use O-steel B-RBR-more O-efficiently O-by O-simply O-red X-##esign X-##ing O-how O-a O-car O-door O-is O-assembled O-."
Battelle's Mr. McCall thinks steelmakers should concentrate more on construction.,O-Bat X-##tel X-##le O-' X-s O-Mr X-. O-M X-##c X-##C X-##all O-thinks O-steel X-##makers O-should O-concentrate B-RBR-more O-on O-construction O-.
"An unexpectedly sharp widening in the U.S. trade gap for August dragged the dollar lower Tuesday, but profit-taking on short positions helped the currency rebound to close mixed against major counterparts.","O-An O-unexpectedly O-sharp O-widening O-in O-the O-U X-. X-S X-. O-trade O-gap O-for O-August O-dragged O-the O-dollar B-RBR-lower O-Tuesday O-, O-but O-profit X-- X-taking O-on O-short O-positions O-helped O-the O-currency O-re X-##bound O-to O-close O-mixed O-against O-major O-counterparts O-."
Many investment managers expect the Fed to ease credit further in coming weeks to bolster the economy.,O-Many O-investment O-managers O-expect O-the O-Fed O-to O-ease O-credit B-RBR-further O-in O-coming O-weeks O-to O-b X-##ols X-##ter O-the O-economy O-.
We have very exciting prospects for far more impressive advances in the treatment of colon cancer during the years immediately ahead.,O-We O-have O-very O-exciting O-prospects O-for O-far B-RBR-more O-impressive O-advances O-in O-the O-treatment O-of O-co X-##lon O-cancer O-during O-the O-years O-immediately O-ahead O-.
"In preparation for the withdrawal, Moscow, Kabul and New Delhi signed two agreements for several hundred newly civilian Indian experts to replace some of the more visible Soviet military personnel.","O-In O-preparation O-for O-the O-withdrawal O-, O-Moscow O-, O-Kabul O-and O-New O-Delhi O-signed O-two O-agreements O-for O-several O-hundred O-newly O-civilian O-Indian O-experts O-to O-replace O-some O-of O-the B-RBR-more O-visible O-Soviet O-military O-personnel O-."
"Researchers say they believe FK-506 is 100 times more effective than the traditional anti-rejection drug, cyclosporine, made by Swiss pharmaceutical giant Sandoz Ltd.","O-Researchers O-say O-they O-believe O-FK X-- X-50 X-##6 O-is O-100 O-times B-RBR-more O-effective O-than O-the O-traditional O-anti X-- X-rejection O-drug O-, O-c X-##y X-##c X-##los X-##por X-##ine O-, O-made O-by O-Swiss O-pharmaceutical O-giant O-Sand X-##oz O-Ltd O-."
"""It helps us, and people feel better talking to someone who's gone through the same thing,"" an SBA official says.","O-"" O-It O-helps O-us O-, O-and O-people O-feel B-RBR-better O-talking O-to O-someone O-who O-' X-s O-gone O-through O-the O-same O-thing O-, X-"" O-an O-S X-##BA O-official O-says O-."
"""With the repeal of Section 89, we can no longer say they're discouraging businesses from offering health plans,"" says Christine Russell, the Chamber of Commerce's small-business advocate.","O-"" O-With O-the O-repeal O-of O-Section O-89 O-, O-we O-can O-no B-RBR-longer O-say O-they O-' X-re O-disco X-##ura X-##ging O-businesses O-from O-offering O-health O-plans O-, X-"" O-says O-Christine O-Russell O-, O-the O-Chamber O-of O-Commerce O-' X-s O-small X-- X-business O-advocate O-."
The garage owners say they would benefit because car owners would be less likely to go back to dealers for the simpler repairs after two years.,O-The O-garage O-owners O-say O-they O-would O-benefit O-because O-car O-owners O-would O-be B-RBR-less O-likely O-to O-go O-back O-to O-dealers O-for O-the O-simpler O-repairs O-after O-two O-years O-.
"""What we want to do is take a more aggressive stance.","O-"" O-What O-we O-want O-to O-do O-is O-take O-a B-RBR-more O-aggressive O-stance O-."
"In one ad, a photo of the interior of the Sainte-Chapelle in Paris is paired with the headline, ""The only book more respected than ours doesn't accept advertising.""","O-In O-one O-ad O-, O-a O-photo O-of O-the O-interior O-of O-the O-Sainte X-- X-Chapel X-##le O-in O-Paris O-is O-paired O-with O-the O-headline O-, O-"" O-The O-only O-book B-RBR-more O-respected O-than O-ours O-does O-n X-' X-t O-accept O-advertising O-. O-"""
"Mr. Paul quickly became more aggressive in his collecting, with the help of George Wachter, a Sotheby's expert in old masters whom he met at an exhibition of the Guterman items.","O-Mr X-. O-Paul O-quickly O-became B-RBR-more O-aggressive O-in O-his O-collecting O-, O-with O-the O-help O-of O-George O-W X-##ach X-##ter O-, O-a O-So X-##the X-##by O-' X-s O-expert O-in O-old O-masters O-whom O-he O-met O-at O-an O-exhibition O-of O-the O-G X-##uter X-##man O-items O-."
"""He recently bid $30,000 at a Paris charity auction for a dinner cooked by six of the world's great chefs, but the final party cost closer to $100,000.""","O-"" O-He O-recently O-bid O-$ O-30 X-, X-000 O-at O-a O-Paris O-charity O-auction O-for O-a O-dinner O-cooked O-by O-six O-of O-the O-world O-' X-s O-great O-chef X-##s O-, O-but O-the O-final O-party O-cost B-RBR-closer O-to O-$ O-100 X-, X-000 O-. O-"""
"""On occasion, he paid a high price,"" Mr. Wachter concedes, but he says those who bid less and dropped out were dealers who would then have marked up the paintings to resell them at a profit to collectors.","O-"" O-On O-occasion O-, O-he O-paid O-a O-high O-price O-, X-"" O-Mr X-. O-W X-##ach X-##ter O-con X-##cede X-##s O-, O-but O-he O-says O-those O-who O-bid B-RBR-less O-and O-dropped O-out O-were O-dealers O-who O-would O-then O-have O-marked O-up O-the O-paintings O-to O-re X-##sel X-##l O-them O-at O-a O-profit O-to O-collectors O-."
The youthful audience for Saturday programming is no longer dependent on the networks.,O-The O-youthful O-audience O-for O-Saturday O-programming O-is O-no B-RBR-longer O-dependent O-on O-the O-networks O-.
"The National Affordable Housing Act (Cranston-D'Amato), introduced earlier this year, erases the current mortgage guarantee ceiling of $101,250 and places a ""floating cap"" at 95% of the median home price in higher-cost areas.","O-The O-National O-A X-##ff X-##ord X-##able O-Housing O-Act O-( O-C X-##ran X-##ston X-- X-D X-' X-Am X-##ato O-) O-, O-introduced B-RBR-earlier O-this O-year O-, O-erase X-##s O-the O-current O-mortgage O-guarantee O-ceiling O-of O-$ O-101 X-, X-250 O-and O-places O-a O-"" O-floating O-cap O-"" O-at O-95 O-% O-of O-the O-median O-home O-price O-in O-higher X-- X-cost O-areas O-."
It gave the appearance of a more stable financial industry.,O-It O-gave O-the O-appearance O-of O-a B-RBR-more O-stable O-financial O-industry O-.
"To confuse matters further, when UAL Corp. stock finally opened on the New York Stock Exchange at 11:08 a.m., the price was listed at $324.75 a share, up about $45 from Friday; in fact, its true price was $224.75, down $55.","O-To O-con X-##fuse O-matters B-RBR-further O-, O-when O-U X-##AL O-Corp O-. O-stock O-finally O-opened O-on O-the O-New O-York O-Stock O-Exchange O-at O-11 X-: X-08 O-a X-. X-m X-. O-, O-the O-price O-was O-listed O-at O-$ O-32 X-##4 X-. X-75 O-a O-share O-, O-up O-about O-$ O-45 O-from O-Friday O-; O-in O-fact O-, O-its O-true O-price O-was O-$ O-224 X-. X-75 O-, O-down O-$ O-55 O-."
"Net was $24 million, or $1.15 a share, up from $19 million, or 90 cents a share, a year earlier.","O-Net O-was O-$ O-24 O-million O-, O-or O-$ O-1 X-. X-15 O-a O-share O-, O-up O-from O-$ O-19 O-million O-, O-or O-90 O-cents O-a O-share O-, O-a O-year B-RBR-earlier O-."
"The Gramm-Rudman penalty won't be taken seriously if agencies merely ""figure out how to juggle the accounts, trusting that Congress is going to restore all the money a little bit later,"" he said.","O-The O-Gram X-##m X-- X-R X-##ud X-##man O-penalty O-w X-##o O-n X-' X-t O-be O-taken O-seriously O-if O-agencies O-merely O-"" O-figure O-out O-how O-to O-j X-##ug X-##gle O-the O-accounts O-, O-trusting O-that O-Congress O-is O-going O-to O-restore O-all O-the O-money O-a O-little O-bit B-RBR-later O-, X-"" O-he O-said O-."
"Other one-owner collections include Billy Wilder's more modest but choice offerings, and the George N. Richard collection -- piled on top of Christie's estimated $150 million -- $200 million of other impressionist goodies.","O-Other O-one X-- X-owner O-collections O-include O-Billy O-Wilder O-' X-s B-RBR-more O-modest O-but O-choice O-offerings O-, O-and O-the O-George O-N X-. O-Richard O-collection O-- X-- O-piled O-on O-top O-of O-Christie O-' X-s O-estimated O-$ O-150 O-million O-- X-- O-$ O-200 O-million O-of O-other O-impression X-##ist O-good X-##ies O-."
"But since the 1986 tax laws drastically reduced deductions for the donation of appreciated property and reduced overall tax rates (thereby making deductions less significant), charitable donations to museums, when anyone makes them, are very charitable indeed.","O-But O-since O-the O-1986 O-tax O-laws O-drastically O-reduced O-de X-##duction X-##s O-for O-the O-donation O-of O-appreciated O-property O-and O-reduced O-overall O-tax O-rates O-( O-thereby O-making O-de X-##duction X-##s B-RBR-less O-significant O-) O-, O-charitable O-donations O-to O-museums O-, O-when O-anyone O-makes O-them O-, O-are O-very O-charitable O-indeed O-."
"If all goes well, if the Picasso hits $75 million, and Mellon, Dorrance, Wilder and the rest get what they bargained for, the uncomfortable, questioning buzz in the art marketplace will trail off into sighs of relief, only to begin anew slightly louder than before, as the cycle starts over in the spring.","O-If O-all O-goes O-well O-, O-if O-the O-Picasso O-hits O-$ O-75 O-million O-, O-and O-Mellon O-, O-Do X-##rra X-##nce O-, O-Wilder O-and O-the O-rest O-get O-what O-they O-bargain X-##ed O-for O-, O-the O-uncomfortable O-, O-questioning O-buzz O-in O-the O-art O-marketplace O-will O-trail O-off O-into O-sighs O-of O-relief O-, O-only O-to O-begin O-an X-##ew O-slightly B-RBR-louder O-than O-before O-, O-as O-the O-cycle O-starts O-over O-in O-the O-spring O-."
"Yet, all these issues are subsidiary to a more central issue: Who is and who should be making the criminal law here?","O-Yet O-, O-all O-these O-issues O-are O-subsidiary O-to O-a B-RBR-more O-central O-issue O-: O-Who O-is O-and O-who O-should O-be O-making O-the O-criminal O-law O-here O-?"
We are confronted less with a judicial power grab than with a legislative giveaway.,O-We O-are O-confronted B-RBR-less O-with O-a O-judicial O-power O-grab O-than O-with O-a O-legislative O-give X-##away O-.
"In Los Angeles, for example, Central has had a strong market position while Unilab's presence has been less prominent, according to Mr. Harlow.","O-In O-Los O-Angeles O-, O-for O-example O-, O-Central O-has O-had O-a O-strong O-market O-position O-while O-Un X-##ila X-##b O-' X-s O-presence O-has O-been B-RBR-less O-prominent O-, O-according O-to O-Mr X-. O-Harlow O-."
"The companies earlier said they didn't want to raise their offer to match a rival bid by Institut Merieux S.A. of C$37 a share, or C$942 million.","O-The O-companies B-RBR-earlier O-said O-they O-did O-n X-' X-t O-want O-to O-raise O-their O-offer O-to O-match O-a O-rival O-bid O-by O-Institut O-Me X-##rie X-##ux O-S X-. X-A X-. O-of O-C O-$ O-37 O-a O-share O-, O-or O-C O-$ O-94 X-##2 O-million O-."
"Blocked by patent protection from following suit, Dictaphone decided to go a step further and cut the cassette in half again -- down to the length of a paperclip.","O-Block X-##ed O-by O-patent O-protection O-from O-following O-suit O-, O-Di X-##ct X-##aph X-##one O-decided O-to O-go O-a O-step B-RBR-further O-and O-cut O-the O-cassette O-in O-half O-again O-- X-- O-down O-to O-the O-length O-of O-a O-paper X-##c X-##lip O-."
"The harder he tried to push them into large piles, the closer he came to breaking the rake and straining his back.","O-The O-harder O-he O-tried O-to O-push O-them O-into O-large O-piles O-, O-the B-RBR-closer O-he O-came O-to O-breaking O-the O-r X-##ake O-and O-straining O-his O-back O-."
"And while the U.S. currency recovered much of the lost ground from its collapse on Friday, several dealers contend that its potential to climb further could be limited.","O-And O-while O-the O-U X-. X-S X-. O-currency O-recovered O-much O-of O-the O-lost O-ground O-from O-its O-collapse O-on O-Friday O-, O-several O-dealers O-con X-##tend O-that O-its O-potential O-to O-climb B-RBR-further O-could O-be O-limited O-."
"Later, news wires reported that Mr. Greenspan said a speech he delivered last week in Moscow had been misinterpreted.","B-RBR-Later O-, O-news O-wires O-reported O-that O-Mr X-. O-Greens X-##pan O-said O-a O-speech O-he O-delivered O-last O-week O-in O-Moscow O-had O-been O-mi X-##sin X-##ter X-##p X-##ret X-##ed O-."
"A year earlier, Flowers had fiscal first-quarter net income of $8 million, or 23 cents a share, on revenue of $170.4 million.","O-A O-year B-RBR-earlier O-, O-Flowers O-had O-fiscal O-first X-- X-quarter O-net O-income O-of O-$ O-8 O-million O-, O-or O-23 O-cents O-a O-share O-, O-on O-revenue O-of O-$ O-170 X-. X-4 O-million O-."
The Internal Revenue Service plans to restructure itself more like a private corporation.,O-The O-Internal O-Revenue O-Service O-plans O-to O-rest X-##ru X-##cture O-itself B-RBR-more O-like O-a O-private O-corporation O-.
"A decline in truck production more than offset a sharp rise in auto assemblies, the Fed noted.","O-A O-decline O-in O-truck O-production B-RBR-more O-than O-offset O-a O-sharp O-rise O-in O-auto O-assemblies O-, O-the O-Fed O-noted O-."
The drop in mortality rates for women was less steep -- 8.9% for blacks and 5.3% for whites.,O-The O-drop O-in O-mortality O-rates O-for O-women O-was B-RBR-less O-steep O-- X-- O-8 X-. X-9 O-% O-for O-blacks O-and O-5 X-. X-3 O-% O-for O-whites O-.
"One new investment style called ""asset allocation"" shifts portfolio weightings between stocks, bonds and cash when computer models say one is more attractive.","O-One O-new O-investment O-style O-called O-"" O-asset O-allocation O-"" O-shifts O-portfolio O-weight X-##ings O-between O-stocks O-, O-bonds O-and O-cash O-when O-computer O-models O-say O-one O-is B-RBR-more O-attractive O-."
But institutions say Wall Street brokerage firms are less willing to make markets.,O-But O-institutions O-say O-Wall O-Street O-broker X-##age O-firms O-are B-RBR-less O-willing O-to O-make O-markets O-.
"""I think everyone's a little more leery,"" says Jack Baker, head of equity trading at Shearon Lehman Hutton Inc. ""The institutions have driven (commission) rates down to the point where it makes no sense to commit capital,"" says Tom Gallagher, senior executive vice president in charge of institutional trading at Oppenheimer & Co. ""Why should I risk money for a guy for who's paying me five cents a dance?","O-"" O-I O-think O-everyone O-' X-s O-a O-little B-RBR-more O-le X-##ery O-, X-"" O-says O-Jack O-Baker O-, O-head O-of O-equity O-trading O-at O-Shea X-##ron O-Le X-##hman O-Hutton O-Inc O-. O-"" O-The O-institutions O-have O-driven O-( O-commission O-) O-rates O-down O-to O-the O-point O-where O-it O-makes O-no O-sense O-to O-commit O-capital O-, X-"" O-says O-Tom O-Gallagher O-, O-senior O-executive O-vice O-president O-in O-charge O-of O-institutional O-trading O-at O-Op X-##pen X-##heimer O-& O-Co O-. O-"" O-Why O-should O-I O-risk O-money O-for O-a O-guy O-for O-who O-' X-s O-paying O-me O-five O-cents O-a O-dance O-?"
"Presumably, UAL is now trading closer to its value based on earnings.","O-Pre X-##su X-##ma X-##bly O-, O-U X-##AL O-is O-now O-trading B-RBR-closer O-to O-its O-value O-based O-on O-earnings O-."
"In 1936, John Maynard Keynes wrote that ""of the maxims of orthodox finance none, surely, is more antisocial than the fetish of liquidity.""","O-In O-1936 O-, O-John O-Maynard O-Keynes O-wrote O-that O-"" O-of O-the O-ma X-##xi X-##ms O-of O-orthodox O-finance O-none O-, O-surely O-, O-is B-RBR-more O-anti X-##so X-##cial O-than O-the O-f X-##eti X-##sh O-of O-liquid X-##ity O-. O-"""
"PepsiCo Inc. 's chairman said he is ""more than comfortable with"" analysts' estimates that third-quarter earnings rose to at least 98 cents to $1 a share from 91 cents the year earlier.","O-P X-##ep X-##si X-##C X-##o O-Inc O-. O-' O-s O-chairman O-said O-he O-is O-"" B-RBR-more O-than O-comfortable O-with O-"" O-analysts X-' O-estimates O-that O-third X-- X-quarter O-earnings O-rose O-to O-at O-least O-98 O-cents O-to O-$ O-1 O-a O-share O-from O-91 O-cents O-the O-year B-RBR-earlier O-."
"Mr. Calloway also noted that soft-drink volume rose a hefty 9% in last year's third quarter, making the comparison more difficult.","O-Mr X-. O-Call X-##owa X-##y O-also O-noted O-that O-soft X-- X-drink O-volume O-rose O-a O-he X-##fty O-9 O-% O-in O-last O-year O-' X-s O-third O-quarter O-, O-making O-the O-comparison B-RBR-more O-difficult O-."
"The trend drove up the aftertax margin -- net income as a percentage of revenues -- to 21.1% in the quarter, compared with 20.7% a year earlier.","O-The O-trend O-drove O-up O-the O-after X-##ta X-##x O-margin O-- X-- O-net O-income O-as O-a O-percentage O-of O-revenues O-- X-- O-to O-21 X-. X-1 O-% O-in O-the O-quarter O-, O-compared O-with O-20 X-. X-7 O-% O-a O-year B-RBR-earlier O-."
"""Things are a little less overpriced"" after Friday's jolt in the market.","O-"" O-Things O-are O-a O-little B-RBR-less O-over X-##p X-##rice X-##d O-"" O-after O-Friday O-' X-s O-jolt O-in O-the O-market O-."
"For instance, he says, International Business Machines and Unisys might look cheap, but investors might continue to do better with stocks like Walt Disney, Procter & Gamble and Coca-Cola, strong performers in recent years.","O-For O-instance O-, O-he O-says O-, O-International O-Business O-Machine X-##s O-and O-Un X-##is X-##ys O-might O-look O-cheap O-, O-but O-investors O-might O-continue O-to O-do B-RBR-better O-with O-stocks O-like O-Walt O-Disney O-, O-Pro X-##cter O-& O-G X-##amble O-and O-Coca X-- X-Cola O-, O-strong O-performers O-in O-recent O-years O-."
"Money manager Robert Ross, head of Duncan Ross Associates Ltd. in Vancouver, British Columbia, says stocks would have to fall 15% to 20% before they are competitive with less risky investment alternatives.","O-Money O-manager O-Robert O-Ross O-, O-head O-of O-Duncan O-Ross O-Associates O-Ltd O-. O-in O-Vancouver O-, O-British O-Columbia O-, O-says O-stocks O-would O-have O-to O-fall O-15 O-% O-to O-20 O-% O-before O-they O-are O-competitive O-with B-RBR-less O-risky O-investment O-alternatives O-."
"She thinks the market could drop about 10% in the next few months, then recover and go higher.","O-She O-thinks O-the O-market O-could O-drop O-about O-10 O-% O-in O-the O-next O-few O-months O-, O-then O-recover O-and O-go B-RBR-higher O-."
"Nothing, I assumed, would be more hopelessly dated than a political satire on the Iran-Contra affair.","O-Nothing O-, O-I O-assumed O-, O-would O-be B-RBR-more O-hopeless X-##ly O-dated O-than O-a O-political O-satire O-on O-the O-Iran X-- X-Con X-##tra O-affair O-."
"The evening is short -- 95 minutes without an intermission -- but even so, as the play progresses the thrust of Mr. Gelbart's satire loses its sharpness as his targets pop up ever more predictably.","O-The O-evening O-is O-short O-- X-- O-95 O-minutes O-without O-an O-inter X-##mission O-- X-- O-but O-even O-so O-, O-as O-the O-play O-progresses O-the O-thrust O-of O-Mr X-. O-G X-##el X-##bar X-##t O-' X-s O-satire O-loses O-its O-sharp X-##ness O-as O-his O-targets O-pop O-up O-ever B-RBR-more O-predict X-##ably O-."
But Teamsters counsel James Grady claimed that the power bestowed upon the court-appointed officer was a departure from the terms of the union's agreement with the government earlier this year.,O-But O-Teams X-##ters O-counsel O-James O-Grady O-claimed O-that O-the O-power O-bestowed O-upon O-the O-court X-- X-appointed O-officer O-was O-a O-departure O-from O-the O-terms O-of O-the O-union O-' X-s O-agreement O-with O-the O-government B-RBR-earlier O-this O-year O-.
"Leslie Harris, an American Civil Liberties Union spokeswoman criticized the Powell proposals, but said the Biden legislation is ""a more moderate, thoughtful approach,"" although the group will likely oppose it.","O-Leslie O-Harris O-, O-an O-American O-Civil O-Li X-##bert X-##ies O-Union O-spoke X-##s X-##woman O-criticized O-the O-Powell O-proposals O-, O-but O-said O-the O-B X-##iden O-legislation O-is O-"" O-a B-RBR-more O-moderate O-, O-thoughtful O-approach O-, X-"" O-although O-the O-group O-will O-likely O-oppose O-it O-."
"Revenue in the third quarter was $437.7 million, almost unchanged from $436.3 million a year earlier.","O-Revenue O-in O-the O-third O-quarter O-was O-$ O-43 X-##7 X-. X-7 O-million O-, O-almost O-unchanged O-from O-$ O-43 X-##6 X-. X-3 O-million O-a O-year B-RBR-earlier O-."
"""As a result of your ultimatum,"" writes the Wisconsin Democrat, ""I guess there is no longer any point in taking administration views into account on other items in conference, inasmuch regardless of their resolution you apparently intend to veto this bill.""","O-"" O-As O-a O-result O-of O-your O-ul X-##ti X-##mat X-##um O-, X-"" O-writes O-the O-Wisconsin O-Democrat O-, O-"" O-I O-guess O-there O-is O-no B-RBR-longer O-any O-point O-in O-taking O-administration O-views O-into O-account O-on O-other O-items O-in O-conference O-, O-in X-##as X-##mu X-##ch O-regardless O-of O-their O-resolution O-you O-apparently O-intend O-to O-veto O-this O-bill O-. O-"""
"The cornflake-size product was more comfortable and less prone to falling out than hard contact lenses, which had been around since 1939.","O-The O-corn X-##f X-##lake X-- X-size O-product O-was B-RBR-more O-comfortable O-and B-RBR-less O-prone O-to O-falling O-out O-than O-hard O-contact O-lenses O-, O-which O-had O-been O-around O-since O-1939 O-."
"The $475,000 sale price earlier this month was the lowest in nearly three years.","O-The O-$ O-47 X-##5 X-, X-000 O-sale O-price B-RBR-earlier O-this O-month O-was O-the O-lowest O-in O-nearly O-three O-years O-."
"Earlier this month, the Reserve Bank of New Zealand, the country's central bank, appointed the managers to run the investment bank and pay creditors.","B-RBR-Earlier O-this O-month O-, O-the O-Reserve O-Bank O-of O-New O-Zealand O-, O-the O-country O-' X-s O-central O-bank O-, O-appointed O-the O-managers O-to O-run O-the O-investment O-bank O-and O-pay O-creditors O-."
"The electronics, automotive and aerospace concern said third-quarter net was $60 million, or 98 cents a share, down from $68 million, or $1.11 a share, a year earlier.","O-The O-electronics O-, O-automotive O-and O-aerospace O-concern O-said O-third X-- X-quarter O-net O-was O-$ O-60 O-million O-, O-or O-98 O-cents O-a O-share O-, O-down O-from O-$ O-68 O-million O-, O-or O-$ O-1 X-. X-11 O-a O-share O-, O-a O-year B-RBR-earlier O-."
"The group had an operating profit of $65 million, against a loss of $13 million a year earlier.","O-The O-group O-had O-an O-operating O-profit O-of O-$ O-65 O-million O-, O-against O-a O-loss O-of O-$ O-13 O-million O-a O-year B-RBR-earlier O-."
"For the nine months, TRW's net was $199 million, or $3.22 a share, down 3% from $205 million, or $3.33 a share, a year earlier.","O-For O-the O-nine O-months O-, O-T X-##R X-##W O-' X-s O-net O-was O-$ O-199 O-million O-, O-or O-$ O-3 X-. X-22 O-a O-share O-, O-down O-3 O-% O-from O-$ O-205 O-million O-, O-or O-$ O-3 X-. X-33 O-a O-share O-, O-a O-year B-RBR-earlier O-."
"""The pricing will become more realistic, which should help management,"" said Bruce Rosenthal, a New York investment banker with Nathan S. Jonas & Co. ""Investors aren't going to be throwing money at any of the proposed LBOs, but doing deals on the basis of ridiculous assumptions never made sense, either.""","O-"" O-The O-pricing O-will O-become B-RBR-more O-realistic O-, O-which O-should O-help O-management O-, X-"" O-said O-Bruce O-Rosen X-##thal O-, O-a O-New O-York O-investment O-banker O-with O-Nathan O-S X-. O-Jonas O-& O-Co O-. O-"" O-In X-##ves X-##tors O-are O-n X-' X-t O-going O-to O-be O-throwing O-money O-at O-any O-of O-the O-proposed O-L X-##BO X-##s O-, O-but O-doing O-deals O-on O-the O-basis O-of O-ridiculous O-assumptions O-never O-made O-sense O-, O-either O-. O-"""
"Earlier this year, bankers and other investors were willing to provide financing because they assumed there would be major gains in both profitability and sales, Mr. Rosenthal added.","B-RBR-Earlier O-this O-year O-, O-banker X-##s O-and O-other O-investors O-were O-willing O-to O-provide O-financing O-because O-they O-assumed O-there O-would O-be O-major O-gains O-in O-both O-profit X-##ability O-and O-sales O-, O-Mr X-. O-Rosen X-##thal O-added O-."
"This is no longer true today.""","O-This O-is O-no B-RBR-longer O-true O-today O-. O-"""
"""Institutions that usually buy retail paper have to be more concerned.""","O-"" O-Institutions O-that O-usually O-buy O-retail O-paper O-have O-to O-be B-RBR-more O-concerned O-. O-"""
Mr. Burton says conservatives' unhappiness with Mr. Bush's cautious handling of the recent unsuccessful coup in Panama will make them more willing to speak out.,O-Mr X-. O-Burton O-says O-conservative X-##s X-' O-un X-##ha X-##pp X-##iness O-with O-Mr X-. O-Bush O-' X-s O-cautious O-handling O-of O-the O-recent O-unsuccessful O-coup O-in O-Panama O-will O-make O-them B-RBR-more O-willing O-to O-speak O-out O-.
"The administration also acknowledges that it isn't pursuing Mr. Reagan's original vision of an ""impenetrable shield"" protecting the whole U.S., but rather a more modest version.","O-The O-administration O-also O-acknowledge X-##s O-that O-it O-is O-n X-' X-t O-pursuing O-Mr X-. O-Reagan O-' X-s O-original O-vision O-of O-an O-"" O-imp X-##ene X-##tra X-##ble O-shield O-"" O-protecting O-the O-whole O-U X-. X-S X-. O-, O-but O-rather O-a B-RBR-more O-modest O-version O-."
"More ominous to SDI supporters, the Bush administration appears to have tacitly accepted a new arms-control proposal from the Soviet Union that spells long-term trouble for Star Wars.","B-RBR-More O-ominous O-to O-SD X-##I O-supporters O-, O-the O-Bush O-administration O-appears O-to O-have O-ta X-##ci X-##tly O-accepted O-a O-new O-arms X-- X-control O-proposal O-from O-the O-Soviet O-Union O-that O-spells O-long X-- X-term O-trouble O-for O-Star O-Wars O-."
"Still, proponents may be shying away from more drumbeating because they sense political tides have turned against arming the Nicaraguan rebels or boosting spending on SDI -- particularly when the public perceives the Soviet threat is declining under Mikhail Gorbachev.","O-Still O-, O-proponent X-##s O-may O-be O-shy X-##ing O-away O-from B-RBR-more O-drum X-##beat X-##ing O-because O-they O-sense O-political O-tide X-##s O-have O-turned O-against O-arm X-##ing O-the O-Nicaragua X-##n O-rebels O-or O-boost X-##ing O-spending O-on O-SD X-##I O-- X-- O-particularly O-when O-the O-public O-perceive X-##s O-the O-Soviet O-threat O-is O-declining O-under O-Mikhail O-Go X-##rb X-##ache X-##v O-."
"Above all, though, proponents say neither the Contra nor the SDI cause can be pushed much further without more presidential support.","O-Above O-all O-, O-though O-, O-proponent X-##s O-say O-neither O-the O-Con X-##tra O-nor O-the O-SD X-##I O-cause O-can O-be O-pushed O-much B-RBR-further O-without O-more O-presidential O-support O-."
"Italy's wholesale price index rose 0.4% in August from July and was up 6.1% from a year earlier, the state statistical institute reported.","O-Italy O-' X-s O-wholesale O-price O-index O-rose O-0 X-. X-4 O-% O-in O-August O-from O-July O-and O-was O-up O-6 X-. X-1 O-% O-from O-a O-year B-RBR-earlier O-, O-the O-state O-statistical O-institute O-reported O-."
But in the harsh world of today's Wall Street they have lost out to more aggressive and sometimes less scrupulous successors.,O-But O-in O-the O-harsh O-world O-of O-today O-' X-s O-Wall O-Street O-they O-have O-lost O-out O-to B-RBR-more O-aggressive O-and O-sometimes B-RBR-less O-s X-##c X-##rup X-##ulous O-successors O-.
"""The more variables that indicate risk, the more the investor is going to drive a hard bargain.""","O-"" O-The O-more O-variables O-that O-indicate O-risk O-, O-the B-RBR-more O-the O-investor O-is O-going O-to O-drive O-a O-hard O-bargain O-. O-"""
"Earlier this month, Staples Inc., a Newton, Mass., office-supplies discounter, said it would accelerate expansion plans nationwide and offer more of its stock to the public.","B-RBR-Earlier O-this O-month O-, O-St X-##ap X-##les O-Inc X-. O-, O-a O-Newton O-, O-Mass X-. O-, O-office X-- X-supplies O-discount X-##er O-, O-said O-it O-would O-accelerate O-expansion O-plans O-nationwide O-and O-offer O-more O-of O-its O-stock O-to O-the O-public O-."
"""But the tunnel's just gotten longer.""","O-"" O-But O-the O-tunnel O-' X-s O-just O-gotten B-RBR-longer O-. O-"""
"For small companies, he says, interest rates are far more important than what happens on stock exchanges.","O-For O-small O-companies O-, O-he O-says O-, O-interest O-rates O-are O-far B-RBR-more O-important O-than O-what O-happens O-on O-stock O-exchanges O-."
"The S&P 500 futures contract, which moves in fractions of an index point under normal conditions, jumped two to three points in seconds early yesterday after an initial downturn, then moved strongly higher the rest of the day.","O-The O-S O-& O-P O-500 O-future X-##s O-contract O-, O-which O-moves O-in O-fraction X-##s O-of O-an O-index O-point O-under O-normal O-conditions O-, O-jumped O-two O-to O-three O-points O-in O-seconds O-early O-yesterday O-after O-an O-initial O-down X-##turn O-, O-then O-moved O-strongly B-RBR-higher O-the O-rest O-of O-the O-day O-."
"But several traders quickly stepped up and bid for contracts, driving prices sharply higher.","O-But O-several O-traders O-quickly O-stepped O-up O-and O-bid O-for O-contracts O-, O-driving O-prices O-sharply B-RBR-higher O-."
"The market hovered near Friday's closing price of 328.85 for about a half hour, moving several index points higher or lower in seconds, then broke higher and didn't look back.","O-The O-market O-hovered O-near O-Friday O-' X-s O-closing O-price O-of O-32 X-##8 X-. X-85 O-for O-about O-a O-half O-hour O-, O-moving O-several O-index O-points O-higher O-or O-lower O-in O-seconds O-, O-then O-broke B-RBR-higher O-and O-did O-n X-' X-t O-look O-back O-."
"Stung by higher marketing costs and slowing volume growth, the giant Coke bottling operation said net fell to $12.7 million, or six cents a share, from $39.9 million, or 26 cents a share, the year earlier.","O-St X-##ung O-by O-higher O-marketing O-costs O-and O-slowing O-volume O-growth O-, O-the O-giant O-Coke O-b X-##ott X-##ling O-operation O-said O-net O-fell O-to O-$ O-12 X-. X-7 O-million O-, O-or O-six O-cents O-a O-share O-, O-from O-$ O-39 X-. X-9 O-million O-, O-or O-26 O-cents O-a O-share O-, O-the O-year B-RBR-earlier O-."
"More recently, Mr. Krenz has been in charge of East German security, and is the youngest member of the ruling Politburo.","B-RBR-More O-recently O-, O-Mr X-. O-K X-##ren X-##z O-has O-been O-in O-charge O-of O-East O-German O-security O-, O-and O-is O-the O-youngest O-member O-of O-the O-ruling O-Pol X-##it X-##bur X-##o O-."
"But with world-wide opinion -- even, apparently in Moscow -- against East Germany, the country would have to turn itself into an Albania to clamp down further on refugees.","O-But O-with O-world X-- X-wide O-opinion O-- X-- O-even O-, O-apparently O-in O-Moscow O-- X-- O-against O-East O-Germany O-, O-the O-country O-would O-have O-to O-turn O-itself O-into O-an O-Albania O-to O-c X-##lamp O-down B-RBR-further O-on O-refugees O-."
"There have been some reports that Mr. Krenz is moving to ""soften"" his reputation, notably rumors that it was he who kept East Germany's state police off protesters' backs at the country's dismal 40th anniversary celebrations earlier this month.","O-There O-have O-been O-some O-reports O-that O-Mr X-. O-K X-##ren X-##z O-is O-moving O-to O-"" O-soft X-##en O-"" O-his O-reputation O-, O-notably O-rumors O-that O-it O-was O-he O-who O-kept O-East O-Germany O-' X-s O-state O-police O-off O-protesters X-' O-backs O-at O-the O-country O-' X-s O-di X-##sma X-##l O-40th O-anniversary O-celebrations B-RBR-earlier O-this O-month O-."
"With talk today of a second economic miracle in West Germany, East Germany no longer can content itself with being the economic star in a loser league.","O-With O-talk O-today O-of O-a O-second O-economic O-miracle O-in O-West O-Germany O-, O-East O-Germany O-no B-RBR-longer O-can O-content O-itself O-with O-being O-the O-economic O-star O-in O-a O-loser O-league O-."
"The protesters who greeted Mikhail Gorbachev at East Berlin's airport earlier this month weren't shouting ""Go U.S.A"" -- they were chanting ""Gorby, Help Us.""","O-The O-protesters O-who O-greeted O-Mikhail O-Go X-##rb X-##ache X-##v O-at O-East O-Berlin O-' X-s O-airport B-RBR-earlier O-this O-month O-were O-n X-' X-t O-shouting O-"" O-Go O-U X-. X-S X-. X-A O-"" O-- X-- O-they O-were O-chanting O-"" O-Go X-##rby O-, O-Help O-Us O-. O-"""
"On his FEMA visit, Mr. Bush said that he hoped there would be ""less carping"" about the emergency office's performance this time, adding that the agency ""took a hit"" for its reaction to Hurricane Hugo.","O-On O-his O-F X-##EM X-##A O-visit O-, O-Mr X-. O-Bush O-said O-that O-he O-hoped O-there O-would O-be O-"" B-RBR-less O-car X-##ping O-"" O-about O-the O-emergency O-office O-' X-s O-performance O-this O-time O-, O-adding O-that O-the O-agency O-"" O-took O-a O-hit O-"" O-for O-its O-reaction O-to O-Hurricane O-Hugo O-."
"UPJOHN Co. reported that third-quarter net income rose to $96 million, or 52 cents a share, from $89.6 million, or 49 cents a share, a year earlier.","O-UP X-##J X-##OH X-##N O-Co X-. O-reported O-that O-third X-- X-quarter O-net O-income O-rose O-to O-$ O-96 O-million O-, O-or O-52 O-cents O-a O-share O-, O-from O-$ O-89 X-. X-6 O-million O-, O-or O-49 O-cents O-a O-share O-, O-a O-year B-RBR-earlier O-."
"Overall, Honeywell reported earnings of $74.4 million, or $1.73 a share, for the three months ended Oct. 1 compared with a loss of $41.4 million, or 98 cents a share, a year earlier.","O-Overall O-, O-Honey X-##well O-reported O-earnings O-of O-$ O-74 X-. X-4 O-million O-, O-or O-$ O-1 X-. X-73 O-a O-share O-, O-for O-the O-three O-months O-ended O-Oct X-. O-1 O-compared O-with O-a O-loss O-of O-$ O-41 X-. X-4 O-million O-, O-or O-98 O-cents O-a O-share O-, O-a O-year B-RBR-earlier O-."
"For the nine months, Honeywell reported earnings of $212.1 million, or $4.92 a share, compared with earnings of $47.9 million, or $1.13 a share, a year earlier.","O-For O-the O-nine O-months O-, O-Honey X-##well O-reported O-earnings O-of O-$ O-212 X-. X-1 O-million O-, O-or O-$ O-4 X-. X-92 O-a O-share O-, O-compared O-with O-earnings O-of O-$ O-47 X-. X-9 O-million O-, O-or O-$ O-1 X-. X-13 O-a O-share O-, O-a O-year B-RBR-earlier O-."
George Marshall's ghost is much more difficult to keep happy.,O-George O-Marshall O-' X-s O-ghost O-is O-much B-RBR-more O-difficult O-to O-keep O-happy O-.
"Fleet's net was $96.4 million, or 86 cents a primary share, compared with $85.8 million, or 79 cents a share, a year earlier.","O-Fleet O-' X-s O-net O-was O-$ O-96 X-. X-4 O-million O-, O-or O-86 O-cents O-a O-primary O-share O-, O-compared O-with O-$ O-85 X-. X-8 O-million O-, O-or O-79 O-cents O-a O-share O-, O-a O-year B-RBR-earlier O-."
"Fleet reported nine-month net of $279.0 million, or $2.51 a primary share, up from $248.2 million, or $2.28 a share, a year earlier.","O-Fleet O-reported O-nine X-- X-month O-net O-of O-$ O-27 X-##9 X-. X-0 O-million O-, O-or O-$ O-2 X-. X-51 O-a O-primary O-share O-, O-up O-from O-$ O-248 X-. X-2 O-million O-, O-or O-$ O-2 X-. X-28 O-a O-share O-, O-a O-year B-RBR-earlier O-."
"Earlier this week, Mr. Simmons objected to published reports quoting him as saying he planned to sell his Lockheed stake because ""the defense industry seems to be getting more uncertain.""","B-RBR-Earlier O-this O-week O-, O-Mr X-. O-Simmons O-objected O-to O-published O-reports O-q X-##uo X-##ting O-him O-as O-saying O-he O-planned O-to O-sell O-his O-Lockheed O-stake O-because O-"" O-the O-defense O-industry O-seems O-to O-be O-getting B-RBR-more O-uncertain O-. O-"""
"Hooker, based in Atlanta, filed for Chapter 11 bankruptcy protection earlier this year.","O-Hooker O-, O-based O-in O-Atlanta O-, O-filed O-for O-Chapter O-11 O-bankruptcy O-protection B-RBR-earlier O-this O-year O-."
"As earlier reported, L.J.","O-As B-RBR-earlier O-reported O-, O-L X-. X-J O-."
"Louisiana-Pacific reported a 40% increase in net income to $51.5 million, or $1.34 a share, from $36.8 million, or 97 cents a share, the year earlier.","O-Louisiana X-- X-Pacific O-reported O-a O-40 O-% O-increase O-in O-net O-income O-to O-$ O-51 X-. X-5 O-million O-, O-or O-$ O-1 X-. X-34 O-a O-share O-, O-from O-$ O-36 X-. X-8 O-million O-, O-or O-97 O-cents O-a O-share O-, O-the O-year B-RBR-earlier O-."
The company said it had an 11% sales increase to $1.50 billion from $1.35 billion the year earlier.,O-The O-company O-said O-it O-had O-an O-11 O-% O-sales O-increase O-to O-$ O-1 X-. X-50 O-billion O-from O-$ O-1 X-. X-35 O-billion O-the O-year B-RBR-earlier O-.
"That was up 45% from $23.3 million, or $1.95 a share, the year earlier.","O-That O-was O-up O-45 O-% O-from O-$ O-23 X-. X-3 O-million O-, O-or O-$ O-1 X-. X-95 O-a O-share O-, O-the O-year B-RBR-earlier O-."
"Revenue was $1.79 billion, up 18% from $1.52 billion a year earlier.","O-Revenue O-was O-$ O-1 X-. X-79 O-billion O-, O-up O-18 O-% O-from O-$ O-1 X-. X-52 O-billion O-a O-year B-RBR-earlier O-."
"Pressure from these members prompted the club recently to soften its anti-bike rhetoric; it no longer, for example, lumps the bikes into the same category as motorcycles and other terrain-marring off-road vehicles.","O-Press X-##ure O-from O-these O-members O-prompted O-the O-club O-recently O-to O-soft X-##en O-its O-anti X-- X-bike O-rhetoric O-; O-it O-no B-RBR-longer O-, O-for O-example O-, O-lump X-##s O-the O-bikes O-into O-the O-same O-category O-as O-motorcycles O-and O-other O-terrain X-- X-ma X-##rring O-off X-- X-road O-vehicles O-."
"They got a machine more responsive, more stable and in many ways easier to ride than the thin-tired racing bikes that then were the rage.","O-They O-got O-a O-machine B-RBR-more O-re X-##sp X-##ons X-##ive O-, B-RBR-more O-stable O-and O-in O-many O-ways O-easier O-to O-ride O-than O-the O-thin X-- X-tired O-racing O-bikes O-that O-then O-were O-the O-rage O-."
"Profit after taxes and minority interests but before extraordinary items increased 22% to #92.6 million from #75.6 million a year earlier, while fully diluted earnings per share rose to 29.90 pence (47 cents) from 24.68 pence (39 cents).","O-Prof X-##it O-after O-taxes O-and O-minority O-interests O-but O-before O-extraordinary O-items O-increased O-22 O-% O-to O-# O-92 X-. X-6 O-million O-from O-# O-75 X-. X-6 O-million O-a O-year B-RBR-earlier O-, O-while O-fully O-di X-##lut X-##ed O-earnings O-per O-share O-rose O-to O-29 X-. X-90 O-pen X-##ce O-( O-47 O-cents O-) O-from O-24 X-. X-68 O-pen X-##ce O-( O-39 O-cents O-) O-."
"Net surged to $210.8 million, or $2.68 a share, from $26.7 million, or 33 cents a share, a year earlier.","O-Net O-surged O-to O-$ O-210 X-. X-8 O-million O-, O-or O-$ O-2 X-. X-68 O-a O-share O-, O-from O-$ O-26 X-. X-7 O-million O-, O-or O-33 O-cents O-a O-share O-, O-a O-year B-RBR-earlier O-."
"One unit, called the Escort, uses a new digital signal-processing technology to detect radar signals much sooner than was previously possible, the company said.","O-One O-unit O-, O-called O-the O-E X-##sco X-##rt O-, O-uses O-a O-new O-digital O-signal X-- X-processing O-technology O-to O-detect O-radar O-signals O-much B-RBR-sooner O-than O-was O-previously O-possible O-, O-the O-company O-said O-."
"While the U.S. share of the increase probably will not reach the $12 billion or more implicit in the IMF's request for a doubling of its $90 billion capital, the administration probably will agree to a multibillion-dollar increase.","O-While O-the O-U X-. X-S X-. O-share O-of O-the O-increase O-probably O-will O-not O-reach O-the O-$ O-12 O-billion O-or B-RBR-more O-imp X-##licit O-in O-the O-I X-##MF O-' X-s O-request O-for O-a O-doubling O-of O-its O-$ O-90 O-billion O-capital O-, O-the O-administration O-probably O-will O-agree O-to O-a O-multi X-##bill X-##ion X-- X-dollar O-increase O-."
"Second, the World Bank's recent $75 billion capital increase -- $14 billion from the U.S. -- has left the IMF feeling less than first fiddle among international financial institutions.","O-Second O-, O-the O-World O-Bank O-' X-s O-recent O-$ O-75 O-billion O-capital O-increase O-- X-- O-$ O-14 O-billion O-from O-the O-U X-. X-S X-. O-- X-- O-has O-left O-the O-I X-##MF O-feeling B-RBR-less O-than O-first O-fiddle O-among O-international O-financial O-institutions O-."
"Upping the ante could slow economic development even further, as countries delay market-opening steps in anticipation of richer multilateral support.","O-Up X-##ping O-the O-ant X-##e O-could O-slow O-economic O-development O-even B-RBR-further O-, O-as O-countries O-delay O-market X-- X-opening O-steps O-in O-anticipation O-of O-rich X-##er O-multi X-##late X-##ral O-support O-."
"If the media decide to work harder at educating the public about these complex and technical issues, that hardly can be termed non-objective journalism.","O-If O-the O-media O-decide O-to O-work B-RBR-harder O-at O-ed X-##uca X-##ting O-the O-public O-about O-these O-complex O-and O-technical O-issues O-, O-that O-hardly O-can O-be O-termed O-non X-- X-objective O-journalism O-."
"The environment can no longer be a normal issue, to be dealt with on a business-as-usual basis with comfortable increments of change.","O-The O-environment O-can O-no B-RBR-longer O-be O-a O-normal O-issue O-, O-to O-be O-dealt O-with O-on O-a O-business X-- X-as X-- X-usual O-basis O-with O-comfortable O-in X-##cre X-##ments O-of O-change O-."
"Mr. Mehl noted that actual rates are almost identical on small and large-denomination CDs, but yields on CDs aimed at the individual investor are boosted by more frequent compounding.","O-Mr X-. O-Me X-##hl O-noted O-that O-actual O-rates O-are O-almost O-identical O-on O-small O-and O-large X-- X-denomination O-CDs O-, O-but O-yields O-on O-CDs O-aimed O-at O-the O-individual O-investor O-are O-boost X-##ed O-by B-RBR-more O-frequent O-compound X-##ing O-."
CD yields are generally expected to fall further in coming weeks.,O-CD O-yields O-are O-generally O-expected O-to O-fall B-RBR-further O-in O-coming O-weeks O-.
Canada's export effort has been blunted by robust home market demand and by an 18% appreciation of the Canadian dollar against its U.S. counterpart in the past three years that has made Canadian goods more costly in the U.S.,O-Canada O-' X-s O-export O-effort O-has O-been O-blunt X-##ed O-by O-robust O-home O-market O-demand O-and O-by O-an O-18 O-% O-appreciation O-of O-the O-Canadian O-dollar O-against O-its O-U X-. X-S X-. O-counterpart O-in O-the O-past O-three O-years O-that O-has O-made O-Canadian O-goods B-RBR-more O-costly O-in O-the O-U X-. X-S O-.
"The latest month's figures show that imports of steel from European Community nations fell to 466,000 tons from 481,000 a month earlier, while imports from Japan rose to 323,000 tons from 288,000 in July.","O-The O-latest O-month O-' X-s O-figures O-show O-that O-imports O-of O-steel O-from O-European O-Community O-nations O-fell O-to O-46 X-##6 X-, X-000 O-tons O-from O-48 X-##1 X-, X-000 O-a O-month B-RBR-earlier O-, O-while O-imports O-from O-Japan O-rose O-to O-32 X-##3 X-, X-000 O-tons O-from O-288 X-, X-000 O-in O-July O-."
"International sales accounted for 47% of total company sales for the nine months, compared with 50% a year earlier.","O-International O-sales O-accounted O-for O-47 O-% O-of O-total O-company O-sales O-for O-the O-nine O-months O-, O-compared O-with O-50 O-% O-a O-year B-RBR-earlier O-."
Nine-month sales grew 12% to $3.39 billion from $3.03 billion a year earlier.,O-Nine X-- X-month O-sales O-grew O-12 O-% O-to O-$ O-3 X-. X-39 O-billion O-from O-$ O-3 X-. X-03 O-billion O-a O-year B-RBR-earlier O-.
"Higher sales of pesticides and other plant-science products more than offset a slight decline in the sales of animal-health products to fuel the increase in world-wide agricultural product sales, Lilly said.","O-Higher O-sales O-of O-p X-##est X-##icides O-and O-other O-plant X-- X-science O-products B-RBR-more O-than O-offset O-a O-slight O-decline O-in O-the O-sales O-of O-animal X-- X-health O-products O-to O-fuel O-the O-increase O-in O-world X-- X-wide O-agricultural O-product O-sales O-, O-Lilly O-said O-."
"The first analyst said that the Japanese, as well as the Chinese, bought copper earlier in the week in London, but that this purchasing has since slackened as the supply situation, at least over the long term, appears to have improved.","O-The O-first O-analyst O-said O-that O-the O-Japanese O-, O-as O-well O-as O-the O-Chinese O-, O-bought O-copper B-RBR-earlier O-in O-the O-week O-in O-London O-, O-but O-that O-this O-purchasing O-has O-since O-slack X-##ened O-as O-the O-supply O-situation O-, O-at O-least O-over O-the O-long O-term O-, O-appears O-to O-have O-improved O-."
"LIVESTOCK AND MEATS: The Agriculture Department is expected to announce tomorrow that the number of cattle in the 13 major ranch states slipped 4% to 8.21 million on Oct. 1 compared with the level a year earlier, said Tom Morgan, president of Sterling Research Corp., Arlington Heights, Ill.","O-L X-##IVE X-##ST X-##OC X-##K O-AND O-ME X-##AT X-##S O-: O-The O-Agriculture O-Department O-is O-expected O-to O-announce O-tomorrow O-that O-the O-number O-of O-cattle O-in O-the O-13 O-major O-ranch O-states O-slipped O-4 O-% O-to O-8 X-. X-21 O-million O-on O-Oct X-. O-1 O-compared O-with O-the O-level O-a O-year B-RBR-earlier O-, O-said O-Tom O-Morgan O-, O-president O-of O-Sterling O-Research O-Corp X-. O-, O-Arlington O-Heights O-, O-Il X-##l O-."
"In its basic structure and style the book is novelistic, with piquant character portrayal, hard-wire action and devious intrigue of the sort more likely to be encountered in a Washington docudrama than in a constitutional history.","O-In O-its O-basic O-structure O-and O-style O-the O-book O-is O-novelist X-##ic O-, O-with O-p X-##iq X-##uant O-character O-portrayal O-, O-hard X-- X-wire O-action O-and O-de X-##vious O-in X-##tri X-##gue O-of O-the O-sort B-RBR-more O-likely O-to O-be O-encountered O-in O-a O-Washington O-do X-##cu X-##dra X-##ma O-than O-in O-a O-constitutional O-history O-."
"Perhaps because they won, Mr. Bork's attackers come through more vividly than his defenders.","O-Perhaps O-because O-they O-won O-, O-Mr X-. O-Bo X-##rk O-' X-s O-attackers O-come O-through B-RBR-more O-vivid X-##ly O-than O-his O-defenders O-."
"Yet with the smooth confirmation of Anthony Kennedy, an ""80 percenter"" only slightly less supportive of judicial restraint than Mr. Bork, the Democrats may have won the battle but lost the war.","O-Yet O-with O-the O-smooth O-confirmation O-of O-Anthony O-Kennedy O-, O-an O-"" O-80 O-percent X-##er O-"" O-only O-slightly B-RBR-less O-supportive O-of O-judicial O-restraint O-than O-Mr X-. O-Bo X-##rk O-, O-the O-Democrats O-may O-have O-won O-the O-battle O-but O-lost O-the O-war O-."
"Probing more deeply into the doctrine of ""judicial restraint,"" he would have found a long history going back to the great decisions of Justice Holmes.","O-Pro X-##bing B-RBR-more O-deeply O-into O-the O-doctrine O-of O-"" O-judicial O-restraint O-, X-"" O-he O-would O-have O-found O-a O-long O-history O-going O-back O-to O-the O-great O-decisions O-of O-Justice O-Holmes O-."
But funds generally are better prepared this time around.,O-But O-funds O-generally O-are B-RBR-better O-prepared O-this O-time O-around O-.
"As a group, their cash position of 10.2% of assets in August -- the latest figure available -- is 14% higher than two years earlier.","O-As O-a O-group O-, O-their O-cash O-position O-of O-10 X-. X-2 O-% O-of O-assets O-in O-August O-- X-- O-the O-latest O-figure O-available O-- X-- O-is O-14 O-% O-higher O-than O-two O-years B-RBR-earlier O-."
This avoids knocking down prices further.,O-This O-avoid X-##s O-knocking O-down O-prices B-RBR-further O-.
"In early trading, investors were bidding bond prices higher as stocks tumbled and fears mounted that Friday's stock market debacle would be repeated.","B-RBR-In O-early O-trading O-, O-investors O-were O-bidding O-bond O-prices B-RBR-higher O-as O-stocks O-tumbled O-and O-fears O-mounted O-that O-Friday O-' X-s O-stock O-market O-de X-##ba X-##cle O-would O-be O-repeated O-."
She said a more aggressive move wasn't needed.,O-She O-said O-a B-RBR-more O-aggressive O-move O-was O-n X-' X-t O-needed O-.
The Fed also appears reluctant to ease credit conditions further.,O-The O-Fed O-also O-appears O-reluctant O-to O-ease O-credit O-conditions B-RBR-further O-.
But most junk bonds closed unchanged after opening slightly higher on bargain-hunting by institutional investors.,O-But O-most O-junk O-bonds O-closed O-unchanged O-after O-opening O-slightly B-RBR-higher O-on O-bargain X-- X-hunting O-by O-institutional O-investors O-.
"The Remic issuance supported prices of Freddie Mac and Fannie Mae securities, which held up better than Government National Mortgage Association securities during an afternoon sell-off.","O-The O-Re X-##mic O-is X-##su X-##ance O-supported O-prices O-of O-Freddie O-Mac O-and O-Fan X-##nie O-Mae O-securities O-, O-which O-held O-up B-RBR-better O-than O-Government O-National O-Mo X-##rt X-##ga X-##ge O-Association O-securities O-during O-an O-afternoon O-sell X-- X-off O-."
Some of the biggest stocks were snapped up by bargain hunters and fared much better.,O-Some O-of O-the O-biggest O-stocks O-were O-snapped O-up O-by O-bargain O-hunters O-and O-fare X-##d O-much B-RBR-better O-.
"Earlier rate reductions in Texas and California reduced the quarter's revenue and operating profit $55 million; a year earlier, operating profit in telephone operations was reduced by a similar amount as a result of a provision for a reorganization.","O-Earlier O-rate O-reduction X-##s O-in O-Texas O-and O-California O-reduced O-the O-quarter O-' X-s O-revenue O-and O-operating O-profit O-$ O-55 O-million O-; O-a O-year B-RBR-earlier O-, O-operating O-profit O-in O-telephone O-operations O-was O-reduced O-by O-a O-similar O-amount O-as O-a O-result O-of O-a O-provision O-for O-a O-reorganization O-."
The company said that residential traffic grew faster than business traffic and attributed that to its new PrimeTime calling plan that competes with American Telephone & Telegraph's Reach Out America plan.,O-The O-company O-said O-that O-residential O-traffic O-grew B-RBR-faster O-than O-business O-traffic O-and O-attributed O-that O-to O-its O-new O-Prime X-##T X-##ime O-calling O-plan O-that O-competes O-with O-American O-Telephone O-& O-Telegraph O-' X-s O-Reach O-Out O-America O-plan O-.
The company wants its business mix to more closely match that of AT&T -- a step it says will help prevent cross subsidization.,O-The O-company O-wants O-its O-business O-mix O-to B-RBR-more O-closely O-match O-that O-of O-AT O-& O-T O-- X-- O-a O-step O-it O-says O-will O-help O-prevent O-cross O-sub X-##si X-##di X-##zation O-.
The #76.6 million ($120.6 million) in pretax profit for the 12 months to June 30 was down from #160 million ($252 million) a year earlier and below market expectations of #80 million and #90 million.,O-The O-# O-76 X-. X-6 O-million O-( X-$ O-120 X-. X-6 O-million O-) O-in O-pre X-##ta X-##x O-profit O-for O-the O-12 O-months O-to O-June O-30 O-was O-down O-from O-# O-160 O-million O-( X-$ O-252 O-million O-) O-a O-year B-RBR-earlier O-and O-below O-market O-expectations O-of O-# O-80 O-million O-and O-# O-90 O-million O-.
"Amstrad's profit after taxes fell a similarly steep 51%, to #51.1 million from #105 million a year earlier.","O-Am X-##stra X-##d O-' X-s O-profit O-after O-taxes O-fell O-a O-similarly O-steep O-51 O-% O-, O-to O-# O-51 X-. X-1 O-million O-from O-# O-105 O-million O-a O-year B-RBR-earlier O-."
Sales edged up fractionally to #626.3 million from #625.4 million a year earlier.,O-Sales O-edged O-up O-fraction X-##ally O-to O-# O-62 X-##6 X-. X-3 O-million O-from O-# O-625 X-. X-4 O-million O-a O-year B-RBR-earlier O-.
The U.S. wants a higher won to make South Korea's exports more expensive and help trim Seoul's trade surplus.,O-The O-U X-. X-S X-. O-wants O-a O-higher O-won O-to O-make O-South O-Korea O-' X-s O-exports B-RBR-more O-expensive O-and O-help O-trim O-Seoul O-' X-s O-trade O-surplus O-.
"Speaking to a joint meeting of Congress earlier, he said South Korea can't move quickly on such agricultural trade issues ""without causing political and social trauma.""","O-Speaking O-to O-a O-joint O-meeting O-of O-Congress B-RBR-earlier O-, O-he O-said O-South O-Korea O-ca O-n X-' X-t O-move O-quickly O-on O-such O-agricultural O-trade O-issues O-"" O-without O-causing O-political O-and O-social O-trauma O-. O-"""
"And sooner or later, we have to do something about it.""","O-And B-RBR-sooner O-or B-RBR-later O-, O-we O-have O-to O-do O-something O-about O-it O-. O-"""
And he indicated that more substantial improvement is expected in the next couple of quarters.,O-And O-he O-indicated O-that B-RBR-more O-substantial O-improvement O-is O-expected O-in O-the O-next O-couple O-of O-quarters O-.
"The Chicago office figured prominently in the bank's problems earlier this year, when $65 million in loans to Chicago businessman William Stoecker went sour.","O-The O-Chicago O-office O-figured O-prominently O-in O-the O-bank O-' X-s O-problems B-RBR-earlier O-this O-year O-, O-when O-$ O-65 O-million O-in O-loans O-to O-Chicago O-businessman O-William O-St X-##oe X-##cker O-went O-sour O-."
Mesa Airlines said the takeover offer it received earlier this week from StatesWest Airlines is for a combination of cash and securities valued by StatesWest at $10 a Mesa share.,O-Mesa O-Airlines O-said O-the O-takeover O-offer O-it O-received B-RBR-earlier O-this O-week O-from O-States X-##W X-##est O-Airlines O-is O-for O-a O-combination O-of O-cash O-and O-securities O-valued O-by O-States X-##W X-##est O-at O-$ O-10 O-a O-Mesa O-share O-.
"Universities, however, say Next's prices must go even lower before large numbers of students purchase the machine.","O-Universities O-, O-however O-, O-say O-Next O-' X-s O-prices O-must O-go O-even B-RBR-lower O-before O-large O-numbers O-of O-students O-purchase O-the O-machine O-."
"Overall, the portfolio narrowed its quarterly loss to $70 million from $80 million a year earlier.","O-Overall O-, O-the O-portfolio O-narrowed O-its O-quarterly O-loss O-to O-$ O-70 O-million O-from O-$ O-80 O-million O-a O-year B-RBR-earlier O-."
"""People will learn to be more circumspect.","O-"" O-People O-will O-learn O-to O-be B-RBR-more O-c X-##ir X-##cum X-##spect O-."
Mr. Gallagher said he believes that situation is typical of the more conservative strategies that many arbitragers adopted after the crash.,O-Mr X-. O-Gallagher O-said O-he O-believes O-that O-situation O-is O-typical O-of O-the B-RBR-more O-conservative O-strategies O-that O-many O-a X-##rb X-##it X-##rage X-##rs O-adopted O-after O-the O-crash O-.
"One trader, however, said he believes that most of the selling in takeover-related stocks in the past two trading days has been the result of judgments by traders that takeover bids are less likely to be completed, rather than selling prompted by margin calls.","O-One O-trader O-, O-however O-, O-said O-he O-believes O-that O-most O-of O-the O-selling O-in O-takeover X-- X-related O-stocks O-in O-the O-past O-two O-trading O-days O-has O-been O-the O-result O-of O-judgment X-##s O-by O-traders O-that O-takeover O-bids O-are B-RBR-less O-likely O-to O-be O-completed O-, O-rather O-than O-selling O-prompted O-by O-margin O-calls O-."
"It attacked the level of a debate on the private-sector cooperative movement, saying ""the discussion was more like a riot than a civilized exchange of points of view.""","O-It O-attacked O-the O-level O-of O-a O-debate O-on O-the O-private X-- X-sector O-cooperative O-movement O-, O-saying O-"" O-the O-discussion O-was B-RBR-more O-like O-a O-riot O-than O-a O-civil X-##ized O-exchange O-of O-points O-of O-view O-. O-"""
"Japanese machinery makers received orders totaling 1.465 trillion yen ($10.33 billion) in August, up 14% from a year earlier, the Economic Planning Agency said.","O-Japanese O-machinery O-makers O-received O-orders O-totaling O-1 X-. X-46 X-##5 O-trillion O-ye X-##n O-( X-$ O-10 X-. X-33 O-billion O-) O-in O-August O-, O-up O-14 O-% O-from O-a O-year B-RBR-earlier O-, O-the O-Economic O-Planning O-Agency O-said O-."
The latest report compares with a modest 9.9% increase in July machinery orders from a year earlier.,O-The O-latest O-report O-compares O-with O-a O-modest O-9 X-. X-9 O-% O-increase O-in O-July O-machinery O-orders O-from O-a O-year B-RBR-earlier O-.
Consumers may want to move their telephones a little closer to the TV set.,O-Consumer X-##s O-may O-want O-to O-move O-their O-telephone X-##s O-a O-little B-RBR-closer O-to O-the O-TV O-set O-.
"""With the competitiveness of the television market these days, everyone is looking for a way to get viewers more excited.""","O-"" O-With O-the O-competitive X-##ness O-of O-the O-television O-market O-these O-days O-, O-everyone O-is O-looking O-for O-a O-way O-to O-get O-viewers B-RBR-more O-excited O-. O-"""
"In recent months, the technology has become more flexible and able to handle much more volume.","O-In O-recent O-months O-, O-the O-technology O-has O-become B-RBR-more O-flexible O-and O-able O-to O-handle O-much O-more O-volume O-."
"They had dealt a major setback that afternoon to President Bush's capital-gains tax cut proposal, which had seemed in the bag after it passed the House overwhelmingly earlier in the month.","O-They O-had O-dealt O-a O-major O-set X-##back O-that O-afternoon O-to O-President O-Bush O-' X-s O-capital X-- X-gains O-tax O-cut O-proposal O-, O-which O-had O-seemed O-in O-the O-bag O-after O-it O-passed O-the O-House O-overwhelming X-##ly B-RBR-earlier O-in O-the O-month O-."
"Last week's output rose 1.4% from the 1,802,000 tons produced a year earlier.","O-Last O-week O-' X-s O-output O-rose O-1 X-. X-4 O-% O-from O-the O-1 X-, X-802 X-, X-000 O-tons O-produced O-a O-year B-RBR-earlier O-."
"Output in the energy sector, which can vary greatly with swings in the oil market, rose 3.8% in August from May but was down 7.1% from a year earlier.","O-Out X-##put O-in O-the O-energy O-sector O-, O-which O-can O-vary O-greatly O-with O-swings O-in O-the O-oil O-market O-, O-rose O-3 X-. X-8 O-% O-in O-August O-from O-May O-but O-was O-down O-7 X-. X-1 O-% O-from O-a O-year B-RBR-earlier O-."
"The more recent losses were really devastating.""","O-The B-RBR-more O-recent O-losses O-were O-really O-devastating O-. O-"""
"Paul Hellman, a Framingham, Mass., sales and management consultant and author of ""Ready, Aim, You're Hired,"" says: ""The bad news is, you'll be rejected more.","O-Paul O-Hell X-##man O-, O-a O-Fr X-##ami X-##ng X-##ham O-, O-Mass X-. O-, O-sales O-and O-management O-consultant O-and O-author O-of O-"" O-Ready O-, O-Ai X-##m O-, O-You O-' X-re O-Hi X-##red O-, X-"" O-says O-: O-"" O-The O-bad O-news O-is O-, O-you O-' X-ll O-be O-rejected B-RBR-more O-."
Mr. Laband described one of the more insidious threats we face when dealing with disasters such as Hugo -- anti-profiteering ordinances such as that by the Charleston City Council as it thrashed about trying to Do Something.,O-Mr X-. O-Lab X-##and O-described O-one O-of O-the B-RBR-more O-ins X-##id X-##ious O-threats O-we O-face O-when O-dealing O-with O-disasters O-such O-as O-Hugo O-- X-- O-anti X-- X-profit X-##eering O-ordinance X-##s O-such O-as O-that O-by O-the O-Charleston O-City O-Council O-as O-it O-th X-##rash X-##ed O-about O-trying O-to O-Do O-Something O-.
"Each is more problematic than an unexpected divisional baseball championship, but both help explain why Chicago remains a vital center of this country's regional theater movement.","O-Each O-is B-RBR-more O-problematic O-than O-an O-unexpected O-divisional O-baseball O-championship O-, O-but O-both O-help O-explain O-why O-Chicago O-remains O-a O-vital O-center O-of O-this O-country O-' X-s O-regional O-theater O-movement O-."
The Wilbur translation is remarkable -- well worth a read and even better seen in the theater if you ever have the opportunity.,O-The O-W X-##il X-##bur O-translation O-is O-remarkable O-- X-- O-well O-worth O-a O-read O-and O-even B-RBR-better O-seen O-in O-the O-theater O-if O-you O-ever O-have O-the O-opportunity O-.
"Mr. Bartlett managed to more or less maintain Moliere's Alexandrine verse form, 12 syllable lines in rhyming couplets.","O-Mr X-. O-Bartlett O-managed O-to B-RBR-more O-or B-RBR-less O-maintain O-Mo X-##lier X-##e O-' X-s O-Alex X-##and X-##rine O-verse O-form O-, O-12 O-syllable O-lines O-in O-r X-##hy X-##ming O-couple X-##ts O-."
Steppenwolf needs the extra seats even more than the fly space.,O-Step X-##pen X-##wolf O-needs O-the O-extra O-seats O-even B-RBR-more O-than O-the O-fly O-space O-.
"The plan, which has been plagued with delays and business-related setbacks, seeks to transform the area from a seedy thoroughfare to a more wholesome office and theater district.","O-The O-plan O-, O-which O-has O-been O-plagued O-with O-delays O-and O-business X-- X-related O-set X-##backs O-, O-seeks O-to O-transform O-the O-area O-from O-a O-seed X-##y O-thorough X-##fare O-to O-a B-RBR-more O-whole X-##some O-office O-and O-theater O-district O-."
