"(During its centennial year, The Wall Street Journal will report events of the past century that stand as milestones of American business history.)","O-( O-During O-its O-cent X-##ennial O-year O-, O-The O-Wall O-Street O-Journal O-will O-report O-events O-of O-the O-past O-century O-that O-stand O-as O-milestone X-##s O-of O-American O-business O-history O-. B--RRB--)"
"The spot dislocations that showed up were largely the result of confusion (much of it in Washington), though that was cold comfort for drivers waiting in mile-long lines at the gas pumps.","O-The O-spot O-di X-##s X-##location X-##s O-that O-showed O-up O-were O-largely O-the O-result O-of O-confusion O-( O-much O-of O-it O-in O-Washington B--RRB--) O-, O-though O-that O-was O-cold O-comfort O-for O-drivers O-waiting O-in O-mile X-- X-long O-lines O-at O-the O-gas O-pumps O-."
"Hanshin Electric Railway Co. (Japan) -- $150 million of bonds due Nov. 2, 1993, with equity-purchase warrants, indicating a 4% coupon at par, via Nomura International Ltd.","O-Hans X-##hin O-Electric O-Railway O-Co O-. O-( O-Japan B--RRB--) O-- X-- O-$ O-150 O-million O-of O-bonds O-due O-Nov X-. O-2 O-, O-1993 O-, O-with O-equity X-- X-purchase O-warrant X-##s O-, O-indicating O-a O-4 O-% O-coup X-##on O-at O-par O-, O-via O-No X-##mura O-International O-Ltd O-."
"Sammi Steel Co. (Korea) -- $50 million of bonds due Nov. 8, 1994, with equity-purchase warrants, indicating a 1 1/4% to 1 3/4% coupon at par, via Merrill Lynch International Ltd. and Dong Suh Securities Co.","O-Sam X-##mi O-Steel O-Co O-. O-( O-Korea B--RRB--) O-- X-- O-$ O-50 O-million O-of O-bonds O-due O-Nov X-. O-8 O-, O-1994 O-, O-with O-equity X-- X-purchase O-warrant X-##s O-, O-indicating O-a O-1 O-1 O-/ O-4 O-% O-to O-1 O-3 O-/ O-4 O-% O-coup X-##on O-at O-par O-, O-via O-Merrill O-Lynch O-International O-Ltd X-. O-and O-Dong O-Su X-##h O-Securities O-Co O-."
"Redland International Funding PLC (U.K. parent) -- 150 million Australian dollars of 15 3/8% bonds due Nov. 8, 1996, priced at 101 3/4 to yield 15.44% less full fees, via JP Morgan Securities Ltd. Guaranteed by Redland PLC.","O-Red X-##land O-International O-Funding O-P X-##LC O-( O-U X-. X-K X-. O-parent B--RRB--) O-- X-- O-150 O-million O-Australian O-dollars O-of O-15 O-3 O-/ O-8 O-% O-bonds O-due O-Nov X-. O-8 O-, O-1996 O-, O-priced O-at O-101 O-3 O-/ O-4 O-to O-yield O-15 X-. X-44 O-% O-less O-full O-fees O-, O-via O-JP O-Morgan O-Securities O-Ltd O-. O-G X-##ua X-##rant X-##eed O-by O-Red X-##land O-P X-##LC O-."
"(A ratings point represents 904,000 television households; shares indicate the percentage of sets in use.)","O-( O-A O-ratings O-point O-represents O-90 X-##4 X-, X-000 O-television O-households O-; O-shares O-indicate O-the O-percentage O-of O-sets O-in O-use O-. B--RRB--)"
"Ohlman, the Grand Rapids masseuse, says she has heard the odd-looking contraption compared to something out of the Spanish Inquisition.)","O-Oh X-##lman O-, O-the O-Grand O-Rapids O-mass X-##eus X-##e O-, O-says O-she O-has O-heard O-the O-odd X-- X-looking O-con X-##tra X-##ption O-compared O-to O-something O-out O-of O-the O-Spanish O-In X-##quisition O-. B--RRB--)"
27.),O-27 O-. B--RRB--)
(Creators of syndicated features generally receive about half the fee a newspaper pays for their work.),O-( O-C X-##reator X-##s O-of O-syndicated O-features O-generally O-receive O-about O-half O-the O-fee O-a O-newspaper O-pays O-for O-their O-work O-. B--RRB--)
"(Dong-A had had a technology agreement with Jeep maker American Motors Corp., now a part of Chrysler Corp.) The most popular style is the stretched ""Family,"" which resembles a Ford Bronco or Chevy Blazer.","O-( O-Dong X-- X-A O-had O-had O-a O-technology O-agreement O-with O-Jeep O-maker O-American O-Motors O-Corp X-. O-, O-now O-a O-part O-of O-Chrysler O-Corp O-. B--RRB--) O-The O-most O-popular O-style O-is O-the O-stretched O-"" O-Family O-, X-"" O-which O-resembles O-a O-Ford O-B X-##ron X-##co O-or O-Ch X-##ev X-##y O-Blaze X-##r O-."
". . the Clean Water Act is written upon the presumption -- the pretense, rather -- that nothing but zero risk will do; it establishes a legal standard of zero discharge"" (""Congress's Environmental Buccaneers,"" Sept. 18).","O-. O-. O-the O-Clean O-Water O-Act O-is O-written O-upon O-the O-pre X-##sumption O-- X-- O-the O-pre X-##tens X-##e O-, O-rather O-- X-- O-that O-nothing O-but O-zero O-risk O-will O-do O-; O-it O-establishes O-a O-legal O-standard O-of O-zero O-discharge O-"" O-( X-"" O-Congress O-' X-s O-Environmental O-Buccaneers O-, X-"" O-Sept X-. O-18 B--RRB--) O-."
"Mr. Seidman said yesterday, for example, that Sen. Dennis DeConcini (D., Ariz.), who received $48,100 in contributions from Mr. Keating, phoned Mr. Seidman to request that he push for a sale of Lincoln before it would be seized.","O-Mr X-. O-Se X-##id X-##man O-said O-yesterday O-, O-for O-example O-, O-that O-Sen O-. O-Dennis O-De X-##C X-##on X-##cini O-( O-D X-. O-, O-Ari X-##z X-. B--RRB--) O-, O-who O-received O-$ O-48 X-, X-100 O-in O-contributions O-from O-Mr X-. O-Ke X-##ating O-, O-phone X-##d O-Mr X-. O-Se X-##id X-##man O-to O-request O-that O-he O-push O-for O-a O-sale O-of O-Lincoln O-before O-it O-would O-be O-seized O-."
"Senate Banking Committee Chairman Donald Riegle (D., Mich.) has also returned contributions he received from Mr. Keating a year ago.","O-Senate O-Banking O-Committee O-Chairman O-Donald O-R X-##ie X-##gle O-( O-D X-. O-, O-Mi X-##ch X-. B--RRB--) O-has O-also O-returned O-contributions O-he O-received O-from O-Mr X-. O-Ke X-##ating O-a O-year O-ago O-."
"John Glenn (D., Ohio), John McCain, (R., Ariz.) and Alan Cranston (D., Calif.) also received substantial contributions from Mr. Keating and sought to intervene on behalf of Lincoln.","O-John O-Glenn O-( O-D X-. O-, O-Ohio B--RRB--) O-, O-John O-McCain O-, O-( O-R X-. O-, O-Ari X-##z X-. O-) O-and O-Alan O-C X-##ran X-##ston O-( O-D X-. O-, O-Cal X-##if X-. B--RRB--) O-also O-received O-substantial O-contributions O-from O-Mr X-. O-Ke X-##ating O-and O-sought O-to O-intervene O-on O-behalf O-of O-Lincoln O-."
"House Banking Committee Chairman Henry Gonzalez (D., Texas) said Sen. Cranston volunteered to appear before the House committee, if necessary.","O-House O-Banking O-Committee O-Chairman O-Henry O-Gonzalez O-( O-D X-. O-, O-Texas B--RRB--) O-said O-Sen O-. O-C X-##ran X-##ston O-volunteered O-to O-appear O-before O-the O-House O-committee O-, O-if O-necessary O-."
Prime Minister Rajiv Gandhi set a date next month for general elections that some analysts say could cost him and his ruling Congress (I) Party control of the government.,O-Prime O-Minister O-Raj X-##iv O-Gandhi O-set O-a O-date O-next O-month O-for O-general O-elections O-that O-some O-analysts O-say O-could O-cost O-him O-and O-his O-ruling O-Congress O-( O-I B--RRB--) O-Party O-control O-of O-the O-government O-.
(The lower house's five-year term expires in January; the Parliament's upper house is appointed.),O-( O-The O-lower O-house O-' X-s O-five X-- X-year O-term O-ex X-##pire X-##s O-in O-January O-; O-the O-Parliament O-' X-s O-upper O-house O-is O-appointed O-. B--RRB--)
"The elections will be a rigorous test for the 45-year-old prime minister and Congress (I), which in various forms has ruled for 40 of India's 42 years of independence.","O-The O-elections O-will O-be O-a O-rigorous O-test O-for O-the O-45 X-- X-year X-- X-old O-prime O-minister O-and O-Congress O-( O-I B--RRB--) O-, O-which O-in O-various O-forms O-has O-ruled O-for O-40 O-of O-India O-' X-s O-42 O-years O-of O-independence O-."
"Even if the Congress (I) retains control of the government, Mr. Gandhi's ability to push through major initiatives might be hobbled by a thinner majority.","O-Even O-if O-the O-Congress O-( O-I B--RRB--) O-retains O-control O-of O-the O-government O-, O-Mr X-. O-Gandhi O-' X-s O-ability O-to O-push O-through O-major O-initiatives O-might O-be O-ho X-##bbled O-by O-a O-thinner O-majority O-."
"In 1984, the Congress (I) captured 405 seats, the largest victory in the history of Indian democracy.","O-In O-1984 O-, O-the O-Congress O-( O-I B--RRB--) O-captured O-405 O-seats O-, O-the O-largest O-victory O-in O-the O-history O-of O-Indian O-democracy O-."
"Most political analysts say that if Mr. Gandhi's opposition unites to field single candidates in most precincts, the Congress (I) will lose big.","O-Most O-political O-analysts O-say O-that O-if O-Mr X-. O-Gandhi O-' X-s O-opposition O-unite X-##s O-to O-field O-single O-candidates O-in O-most O-precinct X-##s O-, O-the O-Congress O-( O-I B--RRB--) O-will O-lose O-big O-."
"But if the opposition remains fractured, the Congress (I) could win a small majority, or lead a coalition government.","O-But O-if O-the O-opposition O-remains O-fractured O-, O-the O-Congress O-( O-I B--RRB--) O-could O-win O-a O-small O-majority O-, O-or O-lead O-a O-coalition O-government O-."
"Chimanbhai Mehta, a parliamentarian and former Gandhi ally, predicts Congress (I) will win only 150 seats, a quarter of the house, if the opposition fields single candidates in 80% of the races.","O-Chi X-##man X-##bha X-##i O-Me X-##hta O-, O-a O-parliament X-##arian O-and O-former O-Gandhi O-ally O-, O-predict X-##s O-Congress O-( O-I B--RRB--) O-will O-win O-only O-150 O-seats O-, O-a O-quarter O-of O-the O-house O-, O-if O-the O-opposition O-fields O-single O-candidates O-in O-80 O-% O-of O-the O-races O-."
"When the Congress (I) lost the 1977 election, following Mrs. Gandhi's hated emergency rule, a similar coalition took power and then disintegrated.","O-When O-the O-Congress O-( O-I B--RRB--) O-lost O-the O-1977 O-election O-, O-following O-Mrs X-. O-Gandhi O-' X-s O-hated O-emergency O-rule O-, O-a O-similar O-coalition O-took O-power O-and O-then O-di X-##sin X-##te X-##gra X-##ted O-."
"April 26, 1988: A parliamentary investigative committee dominated by the Congress (I) Party concludes that there were no middlemen in the deal and no payment to any Indian individual or company.","O-April O-26 O-, O-1988 O-: O-A O-parliamentary O-investigative O-committee O-dominated O-by O-the O-Congress O-( O-I B--RRB--) O-Party O-concludes O-that O-there O-were O-no O-middle X-##men O-in O-the O-deal O-and O-no O-payment O-to O-any O-Indian O-individual O-or O-company O-."
"The French electronics and defense group said attributable consolidated net profit for the first six months of 1989 totaled 244 million francs ($38.4 million), compared with 130 million francs ($20.5 million) in the corresponding period of","O-The O-French O-electronics O-and O-defense O-group O-said O-at X-##tri X-##but X-##able O-consolidated O-net O-profit O-for O-the O-first O-six O-months O-of O-1989 O-totaled O-244 O-million O-f X-##ran X-##cs O-( X-$ O-38 X-. X-4 O-million B--RRB--) O-, O-compared O-with O-130 O-million O-f X-##ran X-##cs O-( X-$ O-20 X-. X-5 O-million B--RRB--) O-in O-the O-corresponding O-period O-of"
"(See: ""Morgan Reports 3rd-Period Loss off $1.82 Billion --- NCNB Says Net Doubled, While Security Pacific Posts 10% Rise in Profit"" -- WSJ Oct. 17, 1989)","O-( O-See O-: O-"" O-Morgan O-Reports O-3rd X-- X-Period O-Loss O-off O-$ O-1 X-. X-82 O-Bill X-##ion O-- X-- X-- O-NC X-##N X-##B O-Say X-##s O-Net O-Double X-##d O-, O-While O-Security O-Pacific O-Post X-##s O-10 O-% O-Rise O-in O-Prof X-##it O-"" O-- X-- O-W X-##S X-##J O-Oct X-. O-17 O-, O-1989 B--RRB--)"
"Insurance-industry consultant Benjamin Zycher's attack on Proposition 103, the landmark insurance-reform initiative approved by Californians last November (""Insurance Fraud, California Style,"" Oct. 9) is much like the industry's unsuccessful $80 million campaign against the measure: distorted and often dishonest.","O-Insurance X-- X-industry O-consultant O-Benjamin O-Z X-##ych X-##er O-' X-s O-attack O-on O-Pro X-##position O-103 O-, O-the O-landmark O-insurance X-- X-reform O-initiative O-approved O-by O-California X-##ns O-last O-November O-( X-"" O-Insurance O-Fr X-##aud O-, O-California O-Style O-, X-"" O-Oct X-. O-9 B--RRB--) O-is O-much O-like O-the O-industry O-' X-s O-unsuccessful O-$ O-80 O-million O-campaign O-against O-the O-measure O-: O-distorted O-and O-often O-dish X-##ones X-##t O-."
"Pretax profit rose to #93.2 million ($146.8 million) from #80.6 million ($127 million), matching analysts' expectations, which ranged from #90 million to #95 million.","O-Pre X-##ta X-##x O-profit O-rose O-to O-# O-93 X-. X-2 O-million O-( X-$ O-146 X-. X-8 O-million O-) O-from O-# O-80 X-. X-6 O-million O-( X-$ O-127 O-million B--RRB--) O-, O-matching O-analysts X-' O-expectations O-, O-which O-ranged O-from O-# O-90 O-million O-to O-# O-95 O-million O-."
"Profit after taxes and minority interests increased 16% to #55.2 million from #47.6 million in the year-earlier period, while earnings per share rose 16% to 27.9 pence (44 cents) from 24.1 pence (38 cents).","O-Prof X-##it O-after O-taxes O-and O-minority O-interests O-increased O-16 O-% O-to O-# O-55 X-. X-2 O-million O-from O-# O-47 X-. X-6 O-million O-in O-the O-year X-- X-earlier O-period O-, O-while O-earnings O-per O-share O-rose O-16 O-% O-to O-27 X-. X-9 O-pen X-##ce O-( O-44 O-cents O-) O-from O-24 X-. X-1 O-pen X-##ce O-( O-38 O-cents B--RRB--) O-."
"Rep. Lee Hamilton (D., Ind.)","O-Rep O-. O-Lee O-Hamilton O-( O-D X-. O-, O-In X-##d O-. B--RRB--)"
"said he and Rep. Byron Dorgan (D., N.D.) are backing away from their proposal to make the Treasury Secretary a voting member of the Federal Reserve panel that sets monetary policy.","O-said O-he O-and O-Rep O-. O-Byron O-Do X-##rgan O-( O-D X-. O-, O-N X-. X-D X-. B--RRB--) O-are O-backing O-away O-from O-their O-proposal O-to O-make O-the O-Treasury O-Secretary O-a O-voting O-member O-of O-the O-Federal O-Reserve O-panel O-that O-sets O-monetary O-policy O-."
"In filing an original (not amended) return, a couple should consider whether damaged property is owned jointly or separately and whether one spouse has larger income; that may determine whether they should file jointly or separately.","O-In O-filing O-an O-original O-( O-not O-amended B--RRB--) O-return O-, O-a O-couple O-should O-consider O-whether O-damaged O-property O-is O-owned O-jointly O-or O-separately O-and O-whether O-one O-spouse O-has O-larger O-income O-; O-that O-may O-determine O-whether O-they O-should O-file O-jointly O-or O-separately O-."
"The court rejected his incredible claims, denied his deductions, and imposed a negligence penalty. . . . Rep. Schaefer (R., Colo.) entered a bill to exempt from tax rewards for tips leading to the arrest of violent criminals.","O-The O-court O-rejected O-his O-incredible O-claims O-, O-denied O-his O-de X-##duction X-##s O-, O-and O-imposed O-a O-ne X-##gli X-##gence O-penalty O-. O-. O-. O-. O-Rep O-. O-Sc X-##ha X-##ef X-##er O-( O-R X-. O-, O-Col X-##o X-. B--RRB--) O-entered O-a O-bill O-to O-exempt O-from O-tax O-rewards O-for O-tips O-leading O-to O-the O-arrest O-of O-violent O-criminals O-."
"(In stock-index arbitrage, traders buy or sell big baskets of stocks against offsetting positions in futures.)","O-( O-In O-stock X-- X-index O-a X-##rb X-##it X-##rage O-, O-traders O-buy O-or O-sell O-big O-basket X-##s O-of O-stocks O-against O-offset X-##ting O-positions O-in O-future X-##s O-. B--RRB--)"
"An options contract gives the holder the right to buy (call) or sell (put) a specific amount of stock, or in this case the value of a stock index, based on a predetermined price within a given time period.","O-An O-options O-contract O-gives O-the O-holder O-the O-right O-to O-buy O-( O-call B--RRB--) O-or O-sell O-( O-put O-) O-a O-specific O-amount O-of O-stock O-, O-or O-in O-this O-case O-the O-value O-of O-a O-stock O-index O-, O-based O-on O-a O-pre X-##det X-##ermined O-price O-within O-a O-given O-time O-period O-."
It attracts people with funny hair (or with no hair -- in front of me a girl with spiked locks sat beside a boy who had shaved his).,O-It O-attracts O-people O-with O-funny O-hair O-( O-or O-with O-no O-hair O-- X-- O-in O-front O-of O-me O-a O-girl O-with O-spike X-##d O-locks O-sat O-beside O-a O-boy O-who O-had O-shaved O-his B--RRB--) O-.
"The piano compositions, which have been labeled variously as minimalist, Oriental, repetitive, cyclical, monophonic and hypnotic, are relentlessly tonal (therefore unthreatening), unvaryingly rhythmic (therefore soporific), and unflaggingly harmonious but unmelodic (therefore both pretty and unconventional).","O-The O-piano O-compositions O-, O-which O-have O-been O-labeled O-variously O-as O-minimal X-##ist O-, O-Oriental O-, O-repetitive O-, O-c X-##yclic X-##al O-, O-mon X-##op X-##hon X-##ic O-and O-h X-##y X-##p X-##not X-##ic O-, O-are O-relentless X-##ly O-ton X-##al O-( O-therefore O-un X-##th X-##reate X-##ning B--RRB--) O-, O-un X-##vary X-##ingly O-rhythmic O-( O-therefore O-so X-##por X-##ific B--RRB--) O-, O-and O-un X-##f X-##lag X-##ging X-##ly O-harm X-##oni X-##ous O-but O-un X-##mel X-##od X-##ic O-( O-therefore O-both O-pretty O-and O-unconventional B--RRB--) O-."
"""Opening"" (1981), from Glassworks, introduces the audience to the Glass technique: Never straying too far from the piano's center, Mr. Glass works in the two octaves on either side of middle C, and his fingers seldom leave the keys.","O-"" O-Opening O-"" O-( O-1981 B--RRB--) O-, O-from O-Glass X-##works O-, O-introduces O-the O-audience O-to O-the O-Glass O-technique O-: O-Never O-stray X-##ing O-too O-far O-from O-the O-piano O-' X-s O-center O-, O-Mr X-. O-Glass O-works O-in O-the O-two O-o X-##ct X-##aves O-on O-either O-side O-of O-middle O-C O-, O-and O-his O-fingers O-seldom O-leave O-the O-keys O-."
"Not only is the typical Glasswork open-ended, it is also often multiple in its context(s).","O-Not O-only O-is O-the O-typical O-Glass X-##work O-open X-- X-ended O-, O-it O-is O-also O-often O-multiple O-in O-its O-context O-( O-s B--RRB--) O-."
"""Many members feel there are important features of the House bill that should be enacted,"" Speaker Thomas Foley (D., Wash.) said.","O-"" O-Many O-members O-feel O-there O-are O-important O-features O-of O-the O-House O-bill O-that O-should O-be O-enacted O-, X-"" O-Speaker O-Thomas O-Foley O-( O-D X-. O-, O-Was X-##h X-. B--RRB--) O-said O-."
"""You've got to give these chairmen the opportunity to see if they can work things out,"" said House Budget Committee Chairman Leon Panetta (D., Calif.).","O-"" O-You O-' X-ve O-got O-to O-give O-these O-chair X-##men O-the O-opportunity O-to O-see O-if O-they O-can O-work O-things O-out O-, X-"" O-said O-House O-Budget O-Committee O-Chairman O-Leon O-Pan X-##etta O-( O-D X-. O-, O-Cal X-##if X-. B--RRB--) O-."
"(Jaguar's ADRs make the company one of the most widely held United Kingdom stocks in the U.S., with more than one-fourth of its shares owned there.)","O-( O-Jaguar O-' X-s O-AD X-##R X-##s O-make O-the O-company O-one O-of O-the O-most O-widely O-held O-United O-Kingdom O-stocks O-in O-the O-U X-. X-S X-. O-, O-with O-more O-than O-one X-- X-fourth O-of O-its O-shares O-owned O-there O-. B--RRB--)"
"GM is expected to inject roughly #200 million ($316 million) by acquiring some Jaguar shares, and then win Jaguar management's promise of an eventual 30% stake.","O-GM O-is O-expected O-to O-in X-##ject O-roughly O-# O-200 O-million O-( X-$ O-316 O-million B--RRB--) O-by O-acquiring O-some O-Jaguar O-shares O-, O-and O-then O-win O-Jaguar O-management O-' X-s O-promise O-of O-an O-eventual O-30 O-% O-stake O-."
He believes Jaguar's share price could zoom to between #8 and #10 ($12.60 to $15.80).,O-He O-believes O-Jaguar O-' X-s O-share O-price O-could O-zoo X-##m O-to O-between O-# O-8 O-and O-# O-10 O-( X-$ O-12 X-. X-60 O-to O-$ O-15 X-. X-80 B--RRB--) O-.
(OTC; Symbol: JAGRY),O-( O-O X-##TC O-; O-S X-##ym X-##bol O-: O-J X-##AG X-##R X-##Y B--RRB--)
(The opera also opens the San Diego Arts Festival: Treasures of the Soviet Union.),O-( O-The O-opera O-also O-opens O-the O-San O-Diego O-Arts O-Festival O-: O-Treasure X-##s O-of O-the O-Soviet O-Union O-. B--RRB--)
"Bel canto tenor Raul Gimenez makes his U.S. recital debut at Alice Tully Hall, (Lincoln Center, 65th and Broadway), Oct. 24.","O-Bel O-can X-##to O-tenor O-Ra X-##ul O-G X-##ime X-##ne X-##z O-makes O-his O-U X-. X-S X-. O-re X-##ci X-##tal O-debut O-at O-Alice O-Tu X-##lly O-Hall O-, O-( O-Lincoln O-Center O-, O-65 X-##th O-and O-Broadway B--RRB--) O-, O-Oct X-. O-24 O-."
"Jeff Beck and Stevie Ray Vaughan: For many rock fans, this double bill of the rarely seen British legend Beck and Texas tornado Vaughan will spell guitar heaven: Minneapolis (Northrop Memorial Auditorium), Oct. 25; Milwaukee (Mecca Auditorium), Oct. 27; Chicago (UIC Pavillion), Oct. 28; St. Louis (Fox Theatre), Oct. 29; Columbus, Ohio (Ohio Theatre), Oct. 31; Toronto (Sky Dome), Nov. 2; Detroit (Cobo Arena), Nov. 3; Pittsburgh (Palumbo Center), Nov. 4; Landover, Md.","O-Jeff O-Beck O-and O-Stevie O-Ray O-Vaughan O-: O-For O-many O-rock O-fans O-, O-this O-double O-bill O-of O-the O-rarely O-seen O-British O-legend O-Beck O-and O-Texas O-tornado O-Vaughan O-will O-spell O-guitar O-heaven O-: O-Minneapolis O-( O-North X-##rop O-Memorial O-Auditorium B--RRB--) O-, O-Oct X-. O-25 O-; O-Milwaukee O-( O-Mecca O-Auditorium B--RRB--) O-, O-Oct X-. O-27 O-; O-Chicago O-( O-U X-##IC O-Pa X-##vil X-##lion B--RRB--) O-, O-Oct X-. O-28 O-; O-St X-. O-Louis O-( O-Fox O-Theatre B--RRB--) O-, O-Oct X-. O-29 O-; O-Columbus O-, O-Ohio O-( O-Ohio O-Theatre B--RRB--) O-, O-Oct X-. O-31 O-; O-Toronto O-( O-Sky O-Dome B--RRB--) O-, O-Nov X-. O-2 O-; O-Detroit O-( O-Co X-##bo O-Arena B--RRB--) O-, O-Nov X-. O-3 O-; O-Pittsburgh O-( O-Pa X-##lum X-##bo O-Center B--RRB--) O-, O-Nov X-. O-4 O-; O-Land X-##over O-, O-M X-##d O-."
"(Capitol Centre), Nov. 6; Philadelphia (Spectrum), Nov. 7; Worcester, Mass.","O-( O-Capitol O-Centre B--RRB--) O-, O-Nov X-. O-6 O-; O-Philadelphia O-( O-Spectrum B--RRB--) O-, O-Nov X-. O-7 O-; O-Worcester O-, O-Mass O-."
"(Centrum), Nov. 8; Manhattan (Madison Square Garden), Nov. 11; Cleveland (Public Hall), Nov. 14; Dayton, Ohio (Hara Arena), Nov. 15; Louisville, Ky. (Louisville Gardens), Nov. 16; Birmingham, Ala. (Boutwell Auditorium), Nov. 18; Atlanta (Omni), Nov. 19; Miami (The Arena), Nov. 21; Tampa (Sundome), Nov. 22; Houston (Sam Houston Arena), Nov. 24; Dallas (State Fair Coliseum), Nov. 25; Austin (Frank Irwin Center), Nov. 26; Albuquerque, N.M. (Tingley Arena), Nov. 28; Denver (McNichols Arena), Nov. 29; Los Angeles (Sports Arena), Dec. 1; Oakland, Calif. (Oakland Coliseum), Dec. 3.","O-( O-Ce X-##nt X-##rum B--RRB--) O-, O-Nov X-. O-8 O-; O-Manhattan O-( O-Madison O-Square O-Garden O-) O-, O-Nov X-. O-11 O-; O-Cleveland O-( O-Public O-Hall B--RRB--) O-, O-Nov X-. O-14 O-; O-Dayton O-, O-Ohio O-( O-Hara O-Arena B--RRB--) O-, O-Nov X-. O-15 O-; O-Louisville O-, O-K X-##y O-. O-( O-Louisville O-Gardens B--RRB--) O-, O-Nov X-. O-16 O-; O-Birmingham O-, O-Al X-##a O-. O-( O-Bo X-##ut X-##well O-Auditorium B--RRB--) O-, O-Nov X-. O-18 O-; O-Atlanta O-( O-O X-##m X-##ni B--RRB--) O-, O-Nov X-. O-19 O-; O-Miami O-( O-The O-Arena B--RRB--) O-, O-Nov X-. O-21 O-; O-Tampa O-( O-Sun X-##dom X-##e B--RRB--) O-, O-Nov X-. O-22 O-; O-Houston O-( O-Sam O-Houston O-Arena B--RRB--) O-, O-Nov X-. O-24 O-; O-Dallas O-( O-State O-Fair O-Coliseum B--RRB--) O-, O-Nov X-. O-25 O-; O-Austin O-( O-Frank O-Irwin O-Center O-) O-, O-Nov X-. O-26 O-; O-Albuquerque O-, O-N X-. X-M X-. O-( O-Tin X-##gley O-Arena B--RRB--) O-, O-Nov X-. O-28 O-; O-Denver O-( O-M X-##c X-##N X-##ich X-##ols O-Arena B--RRB--) O-, O-Nov X-. O-29 O-; O-Los O-Angeles O-( O-Sports O-Arena B--RRB--) O-, O-Dec X-. O-1 O-; O-Oakland O-, O-Cal X-##if O-. O-( O-Oakland O-Coliseum B--RRB--) O-, O-Dec X-. O-3 O-."
"The Canadian government auctioned 750 million Canadian dollars (US$637.5 million) of 9.25% bonds due Dec. 15, 1994.","O-The O-Canadian O-government O-auction X-##ed O-750 O-million O-Canadian O-dollars O-( O-US O-$ O-63 X-##7 X-. X-5 O-million B--RRB--) O-of O-9 X-. X-25 O-% O-bonds O-due O-Dec X-. O-15 O-, O-1994 O-."
"CAE Industries Ltd. said its Link Flight Simulation division was awarded a contract by the U.S. Army for two helicopter simulators, which the company valued at as much as 37 million Canadian dollars (US$31.5 million).","O-CA X-##E O-Industries O-Ltd O-. O-said O-its O-Link O-Flight O-Si X-##mu X-##lation O-division O-was O-awarded O-a O-contract O-by O-the O-U X-. X-S X-. O-Army O-for O-two O-helicopter O-si X-##mu X-##lator X-##s O-, O-which O-the O-company O-valued O-at O-as O-much O-as O-37 O-million O-Canadian O-dollars O-( O-US O-$ O-31 X-. X-5 O-million B--RRB--) O-."
"In addition, the regime has established well-paid paramilitary forces totaling more than 100,000, including 35,000 Soviet-trained troops of the Interior Ministry (KHAD/WAD), which still is directed by 1,500 Soviet KGB officers.","O-In O-addition O-, O-the O-regime O-has O-established O-well X-- X-paid O-paramilitary O-forces O-totaling O-more O-than O-100 X-, X-000 O-, O-including O-35 X-, X-000 O-Soviet X-- X-trained O-troops O-of O-the O-Interior O-Ministry O-( O-K X-##HA X-##D O-/ O-WA X-##D B--RRB--) O-, O-which O-still O-is O-directed O-by O-1 X-, X-500 O-Soviet O-K X-##GB O-officers O-."
"Rep. Bill McCollum (R., Fla.) reports that these included 20,000 to 30,000 Soviet Central Asian KGB Border Guards, ethnically indistinguishable from Afghans and wearing unmarked uniforms.","O-Rep O-. O-Bill O-M X-##c X-##C X-##oll X-##um O-( O-R X-. O-, O-F X-##la X-. B--RRB--) O-reports O-that O-these O-included O-20 X-, X-000 O-to O-30 X-, X-000 O-Soviet O-Central O-Asian O-K X-##GB O-Border O-Guards O-, O-ethnic X-##ally O-in X-##dis X-##ting X-##ui X-##sha X-##ble O-from O-Afghan X-##s O-and O-wearing O-un X-##marked O-uniforms O-."
"Ms. Klass, editor and co-author of ""Afghanistan: The Great Game Revisited"" (Freedom House), directs the Freedom House program on Afghanistan/Southwest Asia.","O-Ms O-. O-K X-##lass O-, O-editor O-and O-co X-- X-author O-of O-"" O-Afghanistan O-: O-The O-Great O-Game O-Rev X-##isi X-##ted O-"" O-( O-Freedom O-House B--RRB--) O-, O-directs O-the O-Freedom O-House O-program O-on O-Afghanistan O-/ O-Southwest O-Asia O-."
"And they still oppose as too costly an employer-paid health insurance bill sponsored by Sen. Edward Kennedy (D., Mass.)","O-And O-they O-still O-oppose O-as O-too O-costly O-an O-employer X-- X-paid O-health O-insurance O-bill O-sponsored O-by O-Sen O-. O-Edward O-Kennedy O-( O-D X-. O-, O-Mass O-. B--RRB--)"
"PRISON-SHOP BLUES: Sen. Strom Thurmond (R., S.C.) protests pending legislation to end the preference that the federal prison system gets in selling prisoner-made furniture and other goods to government agencies.","O-PR X-##IS X-##ON X-- X-SH X-##OP O-B X-##L X-##UE X-##S O-: O-Sen O-. O-St X-##rom O-T X-##hur X-##mond O-( O-R X-. O-, O-S X-. X-C X-. B--RRB--) O-protests O-pending O-legislation O-to O-end O-the O-preference O-that O-the O-federal O-prison O-system O-gets O-in O-selling O-prisoner X-- X-made O-furniture O-and O-other O-goods O-to O-government O-agencies O-."
"Groups representing some independent auto-repair shops join a compromise on the Clean Air legislation worked out between environmentalists and Rep. Henry Waxman (D., Calif.).","O-Groups O-representing O-some O-independent O-auto X-- X-repair O-shops O-join O-a O-compromise O-on O-the O-Clean O-Air O-legislation O-worked O-out O-between O-environmental X-##ists O-and O-Rep O-. O-Henry O-W X-##ax X-##man O-( O-D X-. O-, O-Cal X-##if X-. B--RRB--) O-."
(CenTrust shares have fallen sharply in price from a high of $15.125 in 1986 to close yesterday at $2.875.),O-( O-Ce X-##n X-##T X-##rust O-shares O-have O-fallen O-sharply O-in O-price O-from O-a O-high O-of O-$ O-15 X-. X-125 O-in O-1986 O-to O-close O-yesterday O-at O-$ O-2 X-. X-87 X-##5 O-. B--RRB--)
"Bond has yet to pay up, and until he does, Sotheby's has the painting under lock and key.)","O-Bond O-has O-yet O-to O-pay O-up O-, O-and O-until O-he O-does O-, O-So X-##the X-##by O-' X-s O-has O-the O-painting O-under O-lock O-and O-key O-. B--RRB--)"
The rest were withdrawn for lack of acceptable bids.),O-The O-rest O-were O-withdrawn O-for O-lack O-of O-acceptable O-bids O-. B--RRB--)
Paul says it wasn't that high.),O-Paul O-says O-it O-was O-n X-' X-t O-that O-high O-. B--RRB--)
"(Impressionist and modern paintings, not tracked by Salomon, are ranked even higher at 74% by Sotheby's.)","O-( O-I X-##mp X-##ression X-##ist O-and O-modern O-paintings O-, O-not O-tracked O-by O-Sal X-##omo X-##n O-, O-are O-ranked O-even O-higher O-at O-74 O-% O-by O-So X-##the X-##by O-' X-s O-. B--RRB--)"
"The National Affordable Housing Act (Cranston-D'Amato), introduced earlier this year, erases the current mortgage guarantee ceiling of $101,250 and places a ""floating cap"" at 95% of the median home price in higher-cost areas.","O-The O-National O-A X-##ff X-##ord X-##able O-Housing O-Act O-( O-C X-##ran X-##ston X-- X-D X-' X-Am X-##ato B--RRB--) O-, O-introduced O-earlier O-this O-year O-, O-erase X-##s O-the O-current O-mortgage O-guarantee O-ceiling O-of O-$ O-101 X-, X-250 O-and O-places O-a O-"" O-floating O-cap O-"" O-at O-95 O-% O-of O-the O-median O-home O-price O-in O-higher X-- X-cost O-areas O-."
"Sen. Nickles (R., Okla.) sits on the Appropriations and Budget committees.","O-Sen O-. O-Nick X-##les O-( O-R X-. O-, O-Ok X-##la X-. B--RRB--) O-sits O-on O-the O-A X-##pp X-##ropriations O-and O-Budget O-committees O-."
"(See related story: ""The Home Builders' Wish-List"" -- WSJ Oct. 17, 1989)","O-( O-See O-related O-story O-: O-"" O-The O-Home O-B X-##uild X-##ers X-' O-Wish X-- X-List O-"" O-- X-- O-W X-##S X-##J O-Oct X-. O-17 O-, O-1989 B--RRB--)"
The new Financial Accounting Standards Board (FASB) was created in 1972 to replace the Accounting Principles Board of the American Institute of Certified Public Accountants.,O-The O-new O-Financial O-Accounting O-Standards O-Board O-( O-FA X-##SB B--RRB--) O-was O-created O-in O-1972 O-to O-replace O-the O-Accounting O-Principles O-Board O-of O-the O-American O-Institute O-of O-Certified O-Public O-A X-##cco X-##unta X-##nts O-.
". . don't want it all to just die,"" said House GOP leader Robert Michel (R., Ill.).","O-. O-. O-do O-n X-' X-t O-want O-it O-all O-to O-just O-die O-, X-"" O-said O-House O-GO X-##P O-leader O-Robert O-Michel O-( O-R X-. O-, O-Il X-##l X-. B--RRB--) O-."
"""What we're trying to explore now is how to protect these other issues,"" said House Budget Committee Chairman Leon Panetta (D., Calif.).","O-"" O-What O-we O-' X-re O-trying O-to O-explore O-now O-is O-how O-to O-protect O-these O-other O-issues O-, X-"" O-said O-House O-Budget O-Committee O-Chairman O-Leon O-Pan X-##etta O-( O-D X-. O-, O-Cal X-##if X-. B--RRB--) O-."
"Senate Budget Chairman James Sasser (D., Tenn.) insisted, ""We don't do the American people any good whatsoever by standing by and letting these automatic cuts go into effect.""","O-Senate O-Budget O-Chairman O-James O-Sa X-##sser O-( O-D X-. O-, O-Ten X-##n X-. B--RRB--) O-insisted O-, O-"" O-We O-do O-n X-' X-t O-do O-the O-American O-people O-any O-good O-whatsoever O-by O-standing O-by O-and O-letting O-these O-automatic O-cuts O-go O-into O-effect O-. O-"""
"Sotheby's also weighs in with the John T. Dorrance Jr. collection of impressionists at an estimated $100 million-plus (to be offered tomorrow) and a juicy assortment of paintings from other sources, more than 35 of which are expected to sell in November for at least $1 million each.","O-So X-##the X-##by O-' X-s O-also O-weighs O-in O-with O-the O-John O-T X-. O-Do X-##rra X-##nce O-Jr X-. O-collection O-of O-impression X-##ists O-at O-an O-estimated O-$ O-100 O-million X-- X-plus O-( O-to O-be O-offered O-tomorrow B--RRB--) O-and O-a O-j X-##ui X-##cy O-ass X-##ort X-##ment O-of O-paintings O-from O-other O-sources O-, O-more O-than O-35 O-of O-which O-are O-expected O-to O-sell O-in O-November O-for O-at O-least O-$ O-1 O-million O-each O-."
"Christie's has snagged the 15 impressionist and modern paintings being pruned from Paul Mellon's vast collection, including the probable $30 million-plus ""Rue Mosnier, Paris, Decorated With Flags on June 30, 1878"" by Edouard Manet (purchased by Mellon at the Jacob Goldschmidt sale in London in 1958 for $316,400) and a van Gogh, ""Trunk of an Old Yew Tree, Arles,"" estimated at $25 million-plus.","O-Christie O-' X-s O-has O-s X-##na X-##gged O-the O-15 O-impression X-##ist O-and O-modern O-paintings O-being O-p X-##run X-##ed O-from O-Paul O-Mellon O-' X-s O-vast O-collection O-, O-including O-the O-probable O-$ O-30 O-million X-- X-plus O-"" O-Rue O-Mo X-##s X-##nier O-, O-Paris O-, O-Dec X-##ora X-##ted O-With O-Flags O-on O-June O-30 O-, O-1878 O-"" O-by O-Edo X-##uard O-Man X-##et O-( O-purchased O-by O-Mellon O-at O-the O-Jacob O-Gold X-##sch X-##mi X-##dt O-sale O-in O-London O-in O-1958 O-for O-$ O-316 X-, X-400 B--RRB--) O-and O-a O-van O-Go X-##gh O-, O-"" O-T X-##runk O-of O-an O-Old O-Ye X-##w O-Tree O-, O-A X-##rle X-##s O-, X-"" O-estimated O-at O-$ O-25 O-million X-- X-plus O-."
"But since the 1986 tax laws drastically reduced deductions for the donation of appreciated property and reduced overall tax rates (thereby making deductions less significant), charitable donations to museums, when anyone makes them, are very charitable indeed.","O-But O-since O-the O-1986 O-tax O-laws O-drastically O-reduced O-de X-##duction X-##s O-for O-the O-donation O-of O-appreciated O-property O-and O-reduced O-overall O-tax O-rates O-( O-thereby O-making O-de X-##duction X-##s O-less O-significant B--RRB--) O-, O-charitable O-donations O-to O-museums O-, O-when O-anyone O-makes O-them O-, O-are O-very O-charitable O-indeed O-."
"(Even Sotheby's PR department couldn't have pulled that one off; Dorrance's executors ""requested"" it.)","O-( O-Even O-So X-##the X-##by O-' X-s O-PR O-department O-could O-n X-' X-t O-have O-pulled O-that O-one O-off O-; O-Do X-##rra X-##nce O-' X-s O-ex X-##ec X-##uto X-##rs O-"" O-requested O-"" O-it O-. B--RRB--)"
"Did Mr. Loeb, his tipper, breach a fiduciary duty (and, if so, to whom)?","O-Did O-Mr X-. O-Lo X-##eb O-, O-his O-tip X-##per O-, O-breach O-a O-fi X-##du X-##cia X-##ry O-duty O-( O-and O-, O-if O-so O-, O-to O-whom B--RRB--) O-?"
"Did Mr. Loeb seek personal gain (and if so, how)?","O-Did O-Mr X-. O-Lo X-##eb O-seek O-personal O-gain O-( O-and O-if O-so O-, O-how B--RRB--) O-?"
"In this light, the comparative advantages of legislative law-making become clear: (1) Before it acts, the legislature typically will hear the views of representatives of all those affected by its decision, not just the immediate parties before the court; and (2) the legislature can frame ""bright line"" standards that create less uncertainty than the fact-bound decisions of courts.","O-In O-this O-light O-, O-the O-comparative O-advantages O-of O-legislative O-law X-- X-making O-become O-clear O-: O-( O-1 B--RRB--) O-Before O-it O-acts O-, O-the O-legislature O-typically O-will O-hear O-the O-views O-of O-representatives O-of O-all O-those O-affected O-by O-its O-decision O-, O-not O-just O-the O-immediate O-parties O-before O-the O-court O-; O-and O-( O-2 O-) O-the O-legislature O-can O-frame O-"" O-bright O-line O-"" O-standards O-that O-create O-less O-uncertainty O-than O-the O-fact X-- X-bound O-decisions O-of O-courts O-."
"Although legislative lines can result in under-inclusion (which explains why the SEC has long resisted a legislative definition of insider trading), judicial lawmaking inevitably creates uncertainty because of the shadowy outer edges and implications of most judicial decisions.","O-Although O-legislative O-lines O-can O-result O-in O-under X-- X-inclusion O-( O-which O-explains O-why O-the O-SEC O-has O-long O-resisted O-a O-legislative O-definition O-of O-inside X-##r O-trading B--RRB--) O-, O-judicial O-law X-##making O-inevitably O-creates O-uncertainty O-because O-of O-the O-shadowy O-outer O-edges O-and O-implications O-of O-most O-judicial O-decisions O-."
"At a stroke, this may criminalize all fiduciary breaches (and possibly all misrepresentations by an agent or employee).","O-At O-a O-stroke O-, O-this O-may O-criminal X-##ize O-all O-fi X-##du X-##cia X-##ry O-breach X-##es O-( O-and O-possibly O-all O-mi X-##s X-##re X-##p X-##res X-##entation X-##s O-by O-an O-agent O-or O-employee B--RRB--) O-."
"The House Ethics Committee officially cited Rep. Jim Bates (D., Calif.) for sexually harassing two female employees, but didn't recommend formal disciplinary action.","O-The O-House O-Ethics O-Committee O-officially O-cited O-Rep O-. O-Jim O-Bates O-( O-D X-. O-, O-Cal X-##if X-. B--RRB--) O-for O-sexually O-ha X-##rass X-##ing O-two O-female O-employees O-, O-but O-did O-n X-' X-t O-recommend O-formal O-disciplinary O-action O-."
"Ciba-Geigy Ltd. and Chiron Corp. said they extended their offer for Connaught BioSciences Inc., valued at 866 million Canadian dollars (US$736 million) to Oct. 27.","O-C X-##iba X-- X-G X-##ei X-##gy O-Ltd X-. O-and O-Chi X-##ron O-Corp O-. O-said O-they O-extended O-their O-offer O-for O-Con X-##na X-##ught O-B X-##io X-##S X-##cie X-##nces O-Inc X-. O-, O-valued O-at O-86 X-##6 O-million O-Canadian O-dollars O-( O-US O-$ O-73 X-##6 O-million B--RRB--) O-to O-Oct X-. O-27 O-."
Source: Fulton Prebon (U.S.A.) Inc.,O-Source O-: O-Fulton O-Pre X-##bon O-( O-U X-. X-S X-. X-A O-. B--RRB--) O-Inc O-.
LONDON INTERBANK OFFERED RATES (LIBOR): 8 5/8% one month; 8 9/16% three months; 8 7/16% six months; 8 7/16% one year.,O-L X-##ON X-##D X-##ON O-IN X-##TE X-##RB X-##AN X-##K O-OF X-##F X-##ER X-##ED O-RA X-##TE X-##S O-( O-L X-##IB X-##OR B--RRB--) O-: O-8 O-5 O-/ O-8 O-% O-one O-month O-; O-8 O-9 O-/ O-16 O-% O-three O-months O-; O-8 O-7 O-/ O-16 O-% O-six O-months O-; O-8 O-7 O-/ O-16 O-% O-one O-year O-.
FEDERAL HOME LOAN MORTGAGE CORP. (Freddie Mac): Posted yields on 30-year mortgage commitments for delivery within 30 days.,O-F X-##ED X-##ER X-##AL O-H X-##OM X-##E O-L X-##OA X-##N O-M X-##OR X-##T X-##GA X-##GE O-CO X-##RP O-. O-( O-Freddie O-Mac B--RRB--) O-: O-Post X-##ed O-yields O-on O-30 X-- X-year O-mortgage O-commitments O-for O-delivery O-within O-30 O-days O-.
"FEDERAL NATIONAL MORTGAGE ASSOCIATION (Fannie Mae): Posted yields on 30 year mortgage commitments for delivery within 30 days (priced at par) 9.80%, standard conventional fixed-rate mortgages; 8.70%, 6/2 rate capped one-year adjustable rate mortgages.","O-F X-##ED X-##ER X-##AL O-N X-##AT X-##ION X-##AL O-M X-##OR X-##T X-##GA X-##GE O-AS X-##SO X-##CI X-##AT X-##ION O-( O-Fan X-##nie O-Mae B--RRB--) O-: O-Post X-##ed O-yields O-on O-30 O-year O-mortgage O-commitments O-for O-delivery O-within O-30 O-days O-( O-priced O-at O-par O-) O-9 X-. X-80 O-% O-, O-standard O-conventional O-fixed X-- X-rate O-mortgage X-##s O-; O-8 X-. X-70 O-% O-, O-6 O-/ O-2 O-rate O-capped O-one X-- X-year O-adjust X-##able O-rate O-mortgage X-##s O-."
The round-trip fare to Havana is 410 Irish punts ($578).,O-The O-round X-- X-trip O-fare O-to O-Havana O-is O-410 O-Irish O-punt X-##s O-( X-$ O-57 X-##8 B--RRB--) O-.
"""I think everyone's a little more leery,"" says Jack Baker, head of equity trading at Shearon Lehman Hutton Inc. ""The institutions have driven (commission) rates down to the point where it makes no sense to commit capital,"" says Tom Gallagher, senior executive vice president in charge of institutional trading at Oppenheimer & Co. ""Why should I risk money for a guy for who's paying me five cents a dance?","O-"" O-I O-think O-everyone O-' X-s O-a O-little O-more O-le X-##ery O-, X-"" O-says O-Jack O-Baker O-, O-head O-of O-equity O-trading O-at O-Shea X-##ron O-Le X-##hman O-Hutton O-Inc O-. O-"" O-The O-institutions O-have O-driven O-( O-commission B--RRB--) O-rates O-down O-to O-the O-point O-where O-it O-makes O-no O-sense O-to O-commit O-capital O-, X-"" O-says O-Tom O-Gallagher O-, O-senior O-executive O-vice O-president O-in O-charge O-of O-institutional O-trading O-at O-Op X-##pen X-##heimer O-& O-Co O-. O-"" O-Why O-should O-I O-risk O-money O-for O-a O-guy O-for O-who O-' X-s O-paying O-me O-five O-cents O-a O-dance O-?"
"According to Institutional Brokers Estimate System, Wall Street market strategists see only a 2.4% jump in company profits in 1990 -- unlike in 1987, when profits a year out looked good (they did soar 36% in 1988).","O-According O-to O-Institution X-##al O-B X-##roke X-##rs O-E X-##st X-##imate O-System O-, O-Wall O-Street O-market O-s X-##trate X-##gis X-##ts O-see O-only O-a O-2 X-. X-4 O-% O-jump O-in O-company O-profits O-in O-1990 O-- X-- O-unlike O-in O-1987 O-, O-when O-profits O-a O-year O-out O-looked O-good O-( O-they O-did O-so X-##ar O-36 O-% O-in O-1988 B--RRB--) O-."
"In fact, Kazuo Ishiguro's ""The Remains of the Day"" (Knopf, 245 pages, $18.95) is both an homage to traditional English forms and a dramatic critique of them.","O-In O-fact O-, O-Ka X-##zu X-##o O-Is X-##hi X-##gu X-##ro O-' X-s O-"" O-The O-Re X-##ma X-##ins O-of O-the O-Day O-"" O-( O-K X-##no X-##pf O-, O-245 O-pages O-, O-$ O-18 X-. X-95 B--RRB--) O-is O-both O-an O-homage O-to O-traditional O-English O-forms O-and O-a O-dramatic O-critique O-of O-them O-."
"If, for example, in the midst of a great social occasion (such as an international conference on revising the Versailles Treaty in 1923), one's 72-yearold father, himself a great butler once, should happen to die of a stroke, one must continue to serve the port: ""Please don't think me unduly improper in not ascending to see my father in his deceased condition just at this moment.","O-If O-, O-for O-example O-, O-in O-the O-midst O-of O-a O-great O-social O-occasion O-( O-such O-as O-an O-international O-conference O-on O-re X-##vis X-##ing O-the O-Versailles O-Treaty O-in O-1923 B--RRB--) O-, O-one O-' X-s O-72 X-- X-year X-##old O-father O-, O-himself O-a O-great O-butler O-once O-, O-should O-happen O-to O-die O-of O-a O-stroke O-, O-one O-must O-continue O-to O-serve O-the O-port O-: O-"" O-Please O-do O-n X-' X-t O-think O-me O-und X-##ul X-##y O-imp X-##roper O-in O-not O-ascending O-to O-see O-my O-father O-in O-his O-deceased O-condition O-just O-at O-this O-moment O-."
"In fact, at one point Merry Chase (Melinda Mullins), a cool, carefully coiffed television announcer, recites a list of a dozen or more scandals of recent years, concluding with those affecting the Department of Housing and Urban Development and the savings and loan industry.","O-In O-fact O-, O-at O-one O-point O-Merry O-Chase O-( O-Melinda O-Mu X-##llin X-##s B--RRB--) O-, O-a O-cool O-, O-carefully O-co X-##iff X-##ed O-television O-announcer O-, O-re X-##cite X-##s O-a O-list O-of O-a O-dozen O-or O-more O-scandal X-##s O-of O-recent O-years O-, O-concluding O-with O-those O-affecting O-the O-Department O-of O-Housing O-and O-Urban O-Development O-and O-the O-savings O-and O-loan O-industry O-."
"The property seized by the IRS is a Hollywood film studio, Master Pictures Incorporated (MPI).","O-The O-property O-seized O-by O-the O-I X-##RS O-is O-a O-Hollywood O-film O-studio O-, O-Master O-Pictures O-Incorporated O-( O-MP X-##I B--RRB--) O-."
"), committee chairman, proposed legislation that would carry out the streamlining of death-penalty appeals in federal court that was proposed last month by a special task force appointed by Chief Justice of the U.S. William Rehnquist.","B--RRB--) O-, O-committee O-chairman O-, O-proposed O-legislation O-that O-would O-carry O-out O-the O-stream X-##lining O-of O-death X-- X-penalty O-appeals O-in O-federal O-court O-that O-was O-proposed O-last O-month O-by O-a O-special O-task O-force O-appointed O-by O-Chief O-Justice O-of O-the O-U X-. X-S X-. O-William O-Re X-##hn X-##quist O-."
"Deeply ingrained in both the book review ""Kissing Nature Good-bye"" by Stephen MacDonald (Leisure & Arts, Sept. 27) and the books reviewed is the assumption that global warming is entirely a result of human activity.","O-Deep X-##ly O-ing X-##rain X-##ed O-in O-both O-the O-book O-review O-"" O-Kiss X-##ing O-Nature O-Good X-- X-bye O-"" O-by O-Stephen O-MacDonald O-( O-Leisure O-& O-Arts O-, O-Sept X-. O-27 B--RRB--) O-and O-the O-books O-reviewed O-is O-the O-assumption O-that O-global O-warming O-is O-entirely O-a O-result O-of O-human O-activity O-."
"(During its centennial year, The Wall Street Journal will report events of the past century that stand as milestones of American business history.)","O-( O-During O-its O-cent X-##ennial O-year O-, O-The O-Wall O-Street O-Journal O-will O-report O-events O-of O-the O-past O-century O-that O-stand O-as O-milestone X-##s O-of O-American O-business O-history O-. B--RRB--)"
DFC asked the central bank to appoint managers after it revised loan-loss provisions to around the same level of shareholders' funds of 180 million New Zealand dollars (US$105.4 million).,O-D X-##FC O-asked O-the O-central O-bank O-to O-appoint O-managers O-after O-it O-revised O-loan X-- X-loss O-provisions O-to O-around O-the O-same O-level O-of O-shareholders X-' O-funds O-of O-180 O-million O-New O-Zealand O-dollars O-( O-US O-$ O-105 X-. X-4 O-million B--RRB--) O-.
"""The New Crowd"" by Judith Ramsey Ehrlich and Barry J. Rehfeld (Little, Brown, 444 pages, $19.95), describes the displacing of the old ""our crowd"" Jewish Wall Street banking grandees by such new business barons as Saul Steinberg, Carl Icahn, Sanford Weill and Bruce Wasserstein.","O-"" O-The O-New O-Crow X-##d O-"" O-by O-Judith O-Ramsey O-E X-##hr X-##lich O-and O-Barry O-J X-. O-Re X-##h X-##feld O-( O-Little O-, O-Brown O-, O-44 X-##4 O-pages O-, O-$ O-19 X-. X-95 B--RRB--) O-, O-describes O-the O-di X-##sp X-##lacing O-of O-the O-old O-"" O-our O-crowd O-"" O-Jewish O-Wall O-Street O-banking O-grand X-##ees O-by O-such O-new O-business O-baron X-##s O-as O-Saul O-Stein X-##berg O-, O-Carl O-I X-##ca X-##hn O-, O-Sanford O-Wei X-##ll O-and O-Bruce O-Was X-##ser X-##stein O-."
"(Indeed without earlier manipulations, the current sequester of $16 billion would have been even larger.)","O-( O-Indeed O-without O-earlier O-manipulation X-##s O-, O-the O-current O-se X-##quest X-##er O-of O-$ O-16 O-billion O-would O-have O-been O-even O-larger O-. B--RRB--)"
"Editor Hasse Olsson said plans had called for 7,000 copies of the monthly Are Paev (Business Paper) to be sold at newsstands and an additional 3,000 promotion issues to be sent by direct mail.","O-Editor O-Has X-##se O-O X-##lsson O-said O-plans O-had O-called O-for O-7 X-, X-000 O-copies O-of O-the O-monthly O-Are O-Pa X-##ev O-( O-Business O-Paper B--RRB--) O-to O-be O-sold O-at O-news X-##stand X-##s O-and O-an O-additional O-3 X-, X-000 O-promotion O-issues O-to O-be O-sent O-by O-direct O-mail O-."
(But who's counting.),O-( O-But O-who O-' X-s O-counting O-. B--RRB--)
(The company's 1988 results don't include a non-recurring gain on the final settlement of the Redwood National Park condemnation in 1988's first quarter.),O-( O-The O-company O-' X-s O-1988 O-results O-do O-n X-' X-t O-include O-a O-non X-- X-recurring O-gain O-on O-the O-final O-settlement O-of O-the O-Red X-##wood O-National O-Park O-con X-##de X-##m X-##nation O-in O-1988 O-' X-s O-first O-quarter O-. B--RRB--)
"Pretax profit for the year to June 30 rose to #142.5 million ($224.5 million) from #114.7 million ($180.7 million), broadly matching analysts' expectations.","O-Pre X-##ta X-##x O-profit O-for O-the O-year O-to O-June O-30 O-rose O-to O-# O-142 X-. X-5 O-million O-( X-$ O-224 X-. X-5 O-million O-) O-from O-# O-114 X-. X-7 O-million O-( X-$ O-180 X-. X-7 O-million B--RRB--) O-, O-broadly O-matching O-analysts X-' O-expectations O-."
"Profit after taxes and minority interests but before extraordinary items increased 22% to #92.6 million from #75.6 million a year earlier, while fully diluted earnings per share rose to 29.90 pence (47 cents) from 24.68 pence (39 cents).","O-Prof X-##it O-after O-taxes O-and O-minority O-interests O-but O-before O-extraordinary O-items O-increased O-22 O-% O-to O-# O-92 X-. X-6 O-million O-from O-# O-75 X-. X-6 O-million O-a O-year O-earlier O-, O-while O-fully O-di X-##lut X-##ed O-earnings O-per O-share O-rose O-to O-29 X-. X-90 O-pen X-##ce O-( O-47 O-cents O-) O-from O-24 X-. X-68 O-pen X-##ce O-( O-39 O-cents B--RRB--) O-."
"The decline primarily reflected the dilution from acquiring McCall's, Golf World (U.S.) and Sailing World magazines; lower equity earnings from the forest-products group because of price discounting and an unfavorable exchange rate, and an 8.7% decline in advertising linage at the New York Times, the company's flagship newspaper.","O-The O-decline O-primarily O-reflected O-the O-di X-##lution O-from O-acquiring O-M X-##c X-##C X-##all O-' X-s O-, O-Golf O-World O-( O-U X-. X-S X-. B--RRB--) O-and O-Sailing O-World O-magazines O-; O-lower O-equity O-earnings O-from O-the O-forest X-- X-products O-group O-because O-of O-price O-discount X-##ing O-and O-an O-un X-##fa X-##vor X-##able O-exchange O-rate O-, O-and O-an O-8 X-. X-7 O-% O-decline O-in O-advertising O-l X-##ina X-##ge O-at O-the O-New O-York O-Times O-, O-the O-company O-' X-s O-flagship O-newspaper O-."
"Certainly conservative environmentalists can defend their limited government position by differentiating between Old Environmentalism and New Environmentalism (""Journalists and Others for Saving the Planet,"" by David Brooks, editorial page, Oct. 5).","O-Certainly O-conservative O-environmental X-##ists O-can O-defend O-their O-limited O-government O-position O-by O-different X-##iating O-between O-Old O-Environmental X-##ism O-and O-New O-Environmental X-##ism O-( X-"" O-Journalists O-and O-Others O-for O-Sa X-##ving O-the O-Planet O-, X-"" O-by O-David O-Brooks O-, O-editorial O-page O-, O-Oct X-. O-5 B--RRB--) O-."
"But the New Environmentalists oppose private wealth creation (which, they claim, depletes natural resources) and nuclear power (even though it would counteract the greenhouse effect).","O-But O-the O-New O-Environmental X-##ists O-oppose O-private O-wealth O-creation O-( O-which O-, O-they O-claim O-, O-de X-##ple X-##tes O-natural O-resources O-) O-and O-nuclear O-power O-( O-even O-though O-it O-would O-counter X-##act O-the O-greenhouse O-effect B--RRB--) O-."
"As a result, Canada's trade surplus with the U.S. narrowed to C$656.5 million (US$558 million) in August from C$1.23 billion (US$1.04 billion) in July.","O-As O-a O-result O-, O-Canada O-' X-s O-trade O-surplus O-with O-the O-U X-. X-S X-. O-narrowed O-to O-C O-$ O-65 X-##6 X-. X-5 O-million O-( O-US O-$ O-55 X-##8 O-million B--RRB--) O-in O-August O-from O-C O-$ O-1 X-. X-23 O-billion O-( O-US O-$ O-1 X-. X-04 O-billion B--RRB--) O-in O-July O-."
"Ethan Bronner's ""Battle for Justice: How the Bork Nomination Shook America"" (Norton, 399 pages, $22.50) is a spirited narrative of the nastiest of these hearings, done with journalistic verve, but with a flawed legal philosophy.","O-Ethan O-B X-##ron X-##ner O-' X-s O-"" O-Battle O-for O-Justice O-: O-How O-the O-Bo X-##rk O-No X-##mination O-S X-##ho X-##ok O-America O-"" O-( O-Norton O-, O-39 X-##9 O-pages O-, O-$ O-22 X-. X-50 B--RRB--) O-is O-a O-spirit X-##ed O-narrative O-of O-the O-na X-##st X-##iest O-of O-these O-hearings O-, O-done O-with O-journalist X-##ic O-ve X-##rve O-, O-but O-with O-a O-fl X-##awed O-legal O-philosophy O-."
The #76.6 million ($120.6 million) in pretax profit for the 12 months to June 30 was down from #160 million ($252 million) a year earlier and below market expectations of #80 million and #90 million.,O-The O-# O-76 X-. X-6 O-million O-( X-$ O-120 X-. X-6 O-million B--RRB--) O-in O-pre X-##ta X-##x O-profit O-for O-the O-12 O-months O-to O-June O-30 O-was O-down O-from O-# O-160 O-million O-( X-$ O-252 O-million B--RRB--) O-a O-year O-earlier O-and O-below O-market O-expectations O-of O-# O-80 O-million O-and O-# O-90 O-million O-.
MACMILLAN BLOEDEL Ltd. said it borrowed 215 million Dutch guilders (US$102 million) from a group of Dutch institutional investors.,O-MAC X-##MI X-##LL X-##AN O-B X-##L X-##OE X-##DE X-##L O-Ltd O-. O-said O-it O-borrowed O-215 O-million O-Dutch O-g X-##uild X-##ers O-( O-US O-$ O-102 O-million B--RRB--) O-from O-a O-group O-of O-Dutch O-institutional O-investors O-.
"Almost $8 billion of junk bonds that are considered untradeable include issues from SCI TV, Gillette Holdings (not related to Gillette Co.), Interco, Seaman Furniture, Allied Stores, Federated Department Stores, National Gypsum, M.D.C. Holdings, Micropolis, Leaseway Transportation and Price Communications.","O-Almost O-$ O-8 O-billion O-of O-junk O-bonds O-that O-are O-considered O-un X-##tra X-##dea X-##ble O-include O-issues O-from O-SC X-##I O-TV O-, O-Gill X-##ette O-Holdings O-( O-not O-related O-to O-Gill X-##ette O-Co X-. B--RRB--) O-, O-Inter X-##co O-, O-Sea X-##man O-Fu X-##rn X-##iture O-, O-Allied O-Stores O-, O-Fed X-##erated O-Department O-Stores O-, O-National O-G X-##y X-##ps X-##um O-, O-M X-. X-D X-. X-C O-. O-Holdings O-, O-Micro X-##polis O-, O-Lea X-##se X-##way O-Transportation O-and O-Price O-Communications O-."
"(See: ""Media: Third-Quarter Results Mixed At Newspapers --- Newsprint Prices Favorable, But Advertising Linage Was Flat or Declining"" -- WSJ Oct. 16, 1989)","O-( O-See O-: O-"" O-Media O-: O-Third X-- X-Quarter O-Results O-Mixed O-At O-Newspaper X-##s O-- X-- X-- O-News X-##print O-Price X-##s O-F X-##av X-##ora X-##ble O-, O-But O-Advertising O-Lin X-##age O-Was O-Flat O-or O-Dec X-##lining O-"" O-- X-- O-W X-##S X-##J O-Oct X-. O-16 O-, O-1989 B--RRB--)"
"Japanese machinery makers received orders totaling 1.465 trillion yen ($10.33 billion) in August, up 14% from a year earlier, the Economic Planning Agency said.","O-Japanese O-machinery O-makers O-received O-orders O-totaling O-1 X-. X-46 X-##5 O-trillion O-ye X-##n O-( X-$ O-10 X-. X-33 O-billion B--RRB--) O-in O-August O-, O-up O-14 O-% O-from O-a O-year O-earlier O-, O-the O-Economic O-Planning O-Agency O-said O-."
"For a while, high-cost pornography lines and services that tempt children to dial (and redial) movie or music information earned the service a somewhat sleazy image, but new legal restrictions are aimed at trimming excesses.","O-For O-a O-while O-, O-high X-- X-cost O-pornography O-lines O-and O-services O-that O-te X-##mpt O-children O-to O-dial O-( O-and O-red X-##ial B--RRB--) O-movie O-or O-music O-information O-earned O-the O-service O-a O-somewhat O-s X-##lea X-##zy O-image O-, O-but O-new O-legal O-restrictions O-are O-aimed O-at O-trim X-##ming O-excess X-##es O-."
).,B--RRB--) O-.
"(See: ""After the Fall: Stock-Index Futures Provide a Windfall for Some Traders --- Chicago Merc's Trading Pit Gets Liquidity Infusion After a Two-Year Wait"" -- WSJ Oct. 17, 1989)","O-( O-See O-: O-"" O-After O-the O-Fall O-: O-Stock X-- X-Index O-Future X-##s O-Pro X-##vide O-a O-Wind X-##fall O-for O-Some O-Trade X-##rs O-- X-- X-- O-Chicago O-Me X-##rc O-' X-s O-Trading O-Pit O-Get X-##s O-Li X-##quid X-##ity O-In X-##fusion O-After O-a O-Two X-- X-Year O-Wait O-"" O-- X-- O-W X-##S X-##J O-Oct X-. O-17 O-, O-1989 B--RRB--)"
"Mr. Sagan, a former publisher and real estate developer, has put together an $8 million financial package that includes approximately $4 million of tax exempt bonds issued by the State of Illinois (the first time that a state has used its educational facilities authority to support construction of a theater), and approximately $1 million in grants from the National Endowment for the Arts, the MacArthur Foundation, and a few other deep pockets.","O-Mr X-. O-Saga X-##n O-, O-a O-former O-publisher O-and O-real O-estate O-developer O-, O-has O-put O-together O-an O-$ O-8 O-million O-financial O-package O-that O-includes O-approximately O-$ O-4 O-million O-of O-tax O-exempt O-bonds O-issued O-by O-the O-State O-of O-Illinois O-( O-the O-first O-time O-that O-a O-state O-has O-used O-its O-educational O-facilities O-authority O-to O-support O-construction O-of O-a O-theater B--RRB--) O-, O-and O-approximately O-$ O-1 O-million O-in O-grants O-from O-the O-National O-Endowment O-for O-the O-Arts O-, O-the O-MacArthur O-Foundation O-, O-and O-a O-few O-other O-deep O-pockets O-."
"(See: ""Who's News: With One Turnaround Under His Belt, Sim Aims for Another at Barry Wright"" -- WSJ Oct. 17, 1989)","O-( O-See O-: O-"" O-Who O-' X-s O-News O-: O-With O-One O-Turn X-##around O-Under O-His O-Belt O-, O-Si X-##m O-Ai X-##ms O-for O-Another O-at O-Barry O-Wright O-"" O-- X-- O-W X-##S X-##J O-Oct X-. O-17 O-, O-1989 B--RRB--)"
"(The one ""fact"" that caught my eye -- the alleged $700,000 paid by the apple growers to Hill & Knowlton -- was overstated by more than a factor of two.)","O-( O-The O-one O-"" O-fact O-"" O-that O-caught O-my O-eye O-- X-- O-the O-alleged O-$ O-700 X-, X-000 O-paid O-by O-the O-apple O-grow X-##ers O-to O-Hill O-& O-Know X-##lton O-- X-- O-was O-overs X-##tated O-by O-more O-than O-a O-factor O-of O-two O-. B--RRB--)"
"Sandoz AG, a major Swiss chemical and pharmaceutical group, said that its group sales rose 25% to 9.482 billion francs ($5.80 billion) in the first nine months of this year, with strong gains in all divisions.","O-Sand X-##oz O-AG O-, O-a O-major O-Swiss O-chemical O-and O-pharmaceutical O-group O-, O-said O-that O-its O-group O-sales O-rose O-25 O-% O-to O-9 X-. X-48 X-##2 O-billion O-f X-##ran X-##cs O-( X-$ O-5 X-. X-80 O-billion B--RRB--) O-in O-the O-first O-nine O-months O-of O-this O-year O-, O-with O-strong O-gains O-in O-all O-divisions O-."
